,playlist_id,track_ids
0,264271279,None
1,791666616,"775087273,770566954,760513309,741277603,734905933,721100878,716951311,685063675,678354726,663519932,638465982,628439442,616023042,565399131,605738364,602252097,598318263"
2,155326351,None
3,264271279,None
4,264271279,None
5,791666616,"775087273,770566954,760513309,741277603,734905933,721100878,716951311,685063675,678354726,663519932,638465982,628439442,616023042,565399131,605738364,602252097,598318263"
6,336864032,"312252389,328254614,331122630,330578160,331801043,332403888,334480087,332152772,331992350,332113953,334491650,327517999"
7,2367849,"56672508,56672509,56672510,56672511,38083067,36542741,56672513,23449071,56672515,47579207"
8,728388312,"589344339,589344330"
9,330178563,"327775103,327775090,327775079,327775071,327775056,327775042,327775036,327775030,327775021,327775018,327773356"
10,298712359,"306903851,306898756,306901055,306901023"
11,30615099,"1063364785,1035215629,1030761637,866524246,857142340,317171585,324161828,323234726,319785505,182243512,191768822,250846930,182243511,185179973,167409731,153381982,153381995,153381892,155048001,153381986,153381902,260985230,362019194,363084233,431970813,431974686,473256144,511683801,548413818,572088138,593130480,593133105,593138052,593139261,593140302,593148897,714191878,738180073,751418965,780882586,791200864,812504176,842393374,851568664,877225159,883459087,1071258733,1079434135"
12,217562286,"152894566,157905164,129216550,240992178,198286790,114824112"
13,217561234,"255475096,251882197,245324874,248434024,229943075,222302481,123647680,149396726,126235008,268798533"
14,1302505423,"1107172705,983725465,1107173032,1107173233"
15,1248377002,"1037299315,813633439,317761540,432652590,828419638,922542079,525661254,891188941,899511862,317761568,883226836,927083707,389811018,301972322,324080493,593518014,828890296,789257302,844814815,756359251,275265627,309382324,405279972,892455403,873784741,327271415,847205212,570652248,1020528670,497347761,897921616,488722026,316923695,511434303,646443927,593517825,326931980,143664614,166160602,676345763"
16,1213657006,"963806344,963806122,963806521"
17,1137785779,"881088976,881089351,881088763,881088994,881088805,881089354,881088661"
18,1110732820,"828419638,875845546,875845579,875845657,875845672,875845693,875845744"
19,1097817007,"849655516,752192074,824628592,758346433,857984296"
20,1038365929,"739291897,789257479,778657894,766372048,789256606,789257392,789257302"
21,1344832027,"1156610278,1156610182,1156610338,1156610341"
22,1327993162,"1138128442,1074029437,1138128067,998939122,1138128292,1047416059,928355599,1138133227,1136182666"
23,1276596526,"1074029437,1047416059,998939122,928355599,1064720263"
24,1269769546,"1064720263,928355599,1047416059,998939122"
25,1259170978,"1047416059,928355599,998939122"
26,1047787708,"816603133,816603037,816602947,816603106,816603010,816592483,816603250,816603169,816602923,816602968,816602980,816603160,816602893,816602908,816603067"
27,975247288,"437237412,635046573,676566227,718141975,748076488,949329118"
28,576913983,"114372715,116439042,164614279,183039486,194196533,202337084,216997375,260566301,260705837,463171428,491733078,1018290478,981892087,1050884137,1078672804"
29,576879630,"920582371,859717954,769008757,740142049,693702139,654211016,630409911,617255769,581385780,531064353,569818287,508660671,480581382,457278522,442108443,953550934,1056531466,1080684244,979685212,1153971454"
30,557821074,"434401092,329320928,305066491,289447186,281377639,256476788,242958281,228427474,225207157,179841156,475542180,544871403,642253827,679026114,1038063766,828182494"
31,484963215,"766316677,574082619,530248896,460351623,337125728,315622550,285929481,280667424,258454817,245870078,244906414,234178983,198749433,769008757,1019048425"
32,1337186380,"980966182,954199465,799898389,350464648,838153408,987801289,635436363,876288112,899477944,1055767750"
33,1337176141,"150970381,85158655,1080643606,1123330444,954199465,455069910,62476536,777635827,907094560,1004073088,325339332"
34,1334623144,"32202130,783589486,103219566,86605054,146088813,212178680,251596635,55601705,159001802,101607747,339197113,22330449,242522761,194971342,502020765,250839399"
35,1332083365,"493652844,1142788051,1120099009,1143127849,635436363"
36,1332080998,992963410
37,1332080995,"992963410,1015918375,974929000,897719377,685859020,949178047,858798355,867810949,81185085,972403345,872841790,910883884,533444358,595423107,493652844,639334164,964306081,635436363,959539135"
38,1329104089,"584375787,528659568,317349912,167513289,171882939,226296963,814907479,269813198"
39,1024283323,"453866655,229742805,508339713,311406433,606609429,436326837,684719404,624096564,359459861,165608052,563470392,341232647,597949791,348885261,741276088,498276453,469589724,520718109,279241498,269887722,263679939,580317273,584100894,782563294,789873043,344926567,339263548,344784484,344632696,344125640,344926573,344926473,344926438,344926488,173326104,673587914,827096962,511527108"
40,975365146,"747771379,275940302,192968342,379650446,375365648,116493055,159930759,603894138,710600239,455113233,306113874,314999649,455139687,166965021,684719404,291296814,293396001,672790841,384290249,311406433,395442105"
41,960687823,"230538793,240564814,240564839,240848018,216597425,216931974,225646855,225646673,225645049"
42,896092091,"632173098,551082879,348543105,428208141,378256853,318783313,306113874,91990713,53036813,378314831,177155109,669436961,293396001"
43,873021639,"329693268,345339681,401145477,426330813,348543105,281520674,53036813,40374650,439794852,632173098,551082879,603894138,306113874,455139687,293396001,615052044,436326837,439766937,318401496,563271780"
44,1353338353,"1130458666,1149964387,1131941635,1154435623,1162486870,1137664138,1158842779"
45,1349714089,"1149964387,1154435623,1158842779,1162486870,1146190435"
46,1328201071,"1130458666,1128734272,1131941635,1134371707,1137664138"
47,1319274451,"1118319850,1121105476,1122029398,1123972951,1125172441,1125692317,1126375360"
48,1309609231,"1107058309,1107059221,1107633835,1108162933,1109593933,1115965126,1116363925"
49,1300742254,"1101920590,1104355528,1105114768"
50,1295082322,"1050812857,1042475416,1075827436,1092905461,1086750262,1090951936,1033144897"
51,1290843151,"1086750262,1092905461,1090951936,1075827436,1067717848"
52,1286644513,"1073075257,1073558755,1080210406,1081935115,1082481334,1084608496,1087422964"
53,1284374917,"1082481334,1084608496"
54,1320242473,"1129188733,1129188715,1129188709,1129188685,1129188673,1129188655,1129188643,1129188625,1129188607,1129188583,1129188565,1129188547,1129188529,1129188517"
55,769766145,"614195100,614195082,614195058,614195049"
56,1103103538,859187920
57,1060502665,816651982
58,1008096367,"766002970,701649385,347462391,475065672,519666093,521056542,488685396,485539056,426593712,152697040,397253802,307641918,859740421"
59,920548510,708286588
60,833969657,656729075
61,670135182,532865460
62,616816947,"507828177,466264719,434607318,488914893,510895596,499968141,571899717,575404578,605561172,585066504,656729075,708286588"
63,1252674529,"1043161738,1043161810"
64,1252674463,"1043161111,1043161783,1043165698,1043162161,1043161369,1043161810,1043162476,1043161738,1043162998,1043161936,1043164882,1043162563"
65,1252674316,"1043161990,1043162092"
66,1252674283,"1043161111,1043161783,1043165698,1043162161,1043161369,1043161810,1043162476,1043161738,1043162998,1043161936,1043164882,1043162563,1043163268,1043162698,1043162200,1043161498,1043161507,1043161492,1043163328,1043165701,1043165023,1043162569,1043161957,1043161561,1043163739,1043162410,1043161735"
67,1252674280,"1043161990,1043161231,1043163067,1043162059,1043162281"
68,1337359051,1144032082
69,849698846,605099880
70,849698084,661423157
71,760578513,604918617
72,682672917,556160688
73,629850036,519212592
74,476178237,413694135
75,369982628,352864616
76,232511998,"268450987,268450983"
77,333742147,"296107053,152912869,294705302,173779895,292220662,290265235,294232794,294044951,291212820,295164920,293187564,290769012,290862723,294392325"
78,152315284,"206317407,166190853,29714289,48674241,93152105,51459374,193379230,141007350"
79,152164351,None
80,152151959,"201277926,227046806,200393004,156960052"
81,152149572,"19087066,217657248,212419693,170202151,132283555,227194527,49880582,159180140,119679484,14700262,190574049,53942262,226032182,210366337,227672436,184943044,240233494,240695934,240383156,240091936,258275278"
82,97376500,"200033488,200033366,200033312,200033375,200033783,200033784,200033763"
83,1053510,"62287281,24754231,21843224,21895184,21843225,21895182,21843226,21843227,21843228,21843230,21843231,21843232,21843233,21843234,21843235,21843236,21843237,62288144,21843238,21843239,21843240,23138780,23138781,23138783,23138784,26480049,32285803,209397421"
84,11507955,"113676385,113676375,113676371,113676367,113676361,113676351,113676345,113676291,113676287,113676283,113676279,113676276,113676268"
85,2652992,"64482709,64482710,64482713,64482714,64482715"
86,1276078600,678268182
87,1276078399,968967670
88,1276077025,"1073322367,618198021,915069475,610928397,800181859,583356864,1101087445"
89,1276076950,None
90,1023247309,"611449266,770368462,779117995,760815772,697982848,679845269,664879916,803271052,924048634,613348380,667677422,678268182"
91,1042691569,"810578752,810577702"
92,1042690726,"810572422,810571648"
93,1024046371,"789293350,789293272"
94,1019324146,"783945235,783944086"
95,1014854932,"779058439,779054662"
96,1010529877,"775045825,775045780"
97,1006096693,"771375055,771374344"
98,1001032171,"767521225,767520598"
99,996119605,"763932088,763932145"
100,991152538,"760121464,760120843"
101,791666616,"775087273,770566954,760513309,741277603,734905933,721100878,716951311,685063675,678354726,663519932,638465982,628439442,616023042,565399131,605738364,602252097,598318263"
102,1334940280,"1145827888,1145826301,1145828377,1145828572,1145825602,1145828110,1145828524,1145825704,1145827108,1145828017,1145633608,1145827123,1145827675,1145825836"
103,1293911467,"1086852637,1073052895,1086853204,1054848121,1086852406,1086853648"
104,1210326958,"960609340,984282055,935195428,984294787,984294769"
105,1152210856,"886251709,918292288,918292273,918292264,918292255,918292246"
106,1037764309,"804691456,804691444"
107,975247288,"437237412,635046573,676566227,718141975,748076488,949329118"
108,576913983,"114372715,116439042,164614279,183039486,194196533,202337084,216997375,260566301,260705837,463171428,491733078,1018290478,981892087,1050884137,1078672804"
109,576879630,"920582371,859717954,769008757,740142049,693702139,654211016,630409911,617255769,581385780,531064353,569818287,508660671,480581382,457278522,442108443,953550934,1056531466,1080684244,979685212,1153971454"
110,557821074,"434401092,329320928,305066491,289447186,281377639,256476788,242958281,228427474,225207157,179841156,475542180,544871403,642253827,679026114,1038063766,828182494"
111,484963215,"766316677,574082619,530248896,460351623,337125728,315622550,285929481,280667424,258454817,245870078,244906414,234178983,198749433,769008757,1019048425"
112,1120928818,"790057138,646011285,848411917,874358797,677702703"
113,1117128085,"824431444,832039429,853588294,873316711,875016865,849442162,779458399,832605046,761402701,871319074,862938490,750169363,833466166,607232517,691375243,802999399,821037274,773640676,854895517,836321380,752477050,768561313,864343489"
114,922978588,"476550462,510355158,386932196,439242093,436833078,607797309,347488239,456355464,128388132,318602241,292687273,283907831,575203944,530971338,491303985,362389889,506281353,545596065,558262557,238249746,482209593,307652300,612469560,456443199,495014778,386432348,422755989,923597050"
115,400784327,"947072176,731067724,547142646,369311216,297170271,236914614,181850043,124078757"
116,29898191,"103239064,105979826,108629134,119570917,121966721,125807562,133684983,117026716"
117,436134903,"391870554,391870524,391870497,391870485,391870443,391870419,391870389,391870311,391870287,391870245"
118,436127496,"391866411,391866405,391866363"
119,431817714,"388889325,388889310,388889298,388889268,388889259,388889244,388889229,388889220,388888923"
120,431035725,"388435272,388435254,388435242,388435224,388435200,388435173,388435152,388435125,388435098,388434831"
121,1352100772,"1122543709,1165690273,928975309,1040893801,851412346,1040893483,1040893621,1040893171,1040893975,1040893369,1040893819,1040893567,1040893513,1023915919,1165691545,1141892905"
122,1260159649,"928975309,1040893801,851412346,1040893483,1040893621,1040893171,1040893975,1040893369,1040893819,1040893567,1040893513,1023915919"
123,944152630,"595988430,660381671,718500043,718499902,718500067,718500739,718500274,718500052,718500325,718500418,690636442,718500037"
124,365660491,"339903634,347847617,348965229,348965236,347847614,347847624,348965238,348965235,348965248,348965243,347847615"
125,357164969,"345105243,218073074,218073261,718223812,84288460,271227264,718243300,84288462,84288463,345105242,84288465,84288468,271226138,218074376,345105245,345105252,345105255"
126,940933978,"724144279,724151350,724143214,724142164"
127,940933375,"724561228,724555657,724561093"
128,326978746,"325178351,325178333,325178321"
129,304697035,"310681696,310681684"
130,247778960,"276990751,276990742"
131,245588791,"275880177,275880151"
132,239299741,"272557966,272557963"
133,235684511,"270463085,270463082,270463080"
134,234940726,"269997805,269997769,269997758"
135,231737680,"267948495,267948493,267948491,267948489"
136,1038222730,"805209334,805209322"
137,951848425,"733477066,733477063,733477048,733477039,733477021,733477012,733476985,733476967,733476955,733476931"
138,907083736,"701098189,701098108,701098048,701098000,701097973,701097922,701097892,701097844,701097811"
139,904681477,"699511090,699512344,699513343"
140,876081088,"685541614,685542031,685542472,685544416,685544752"
141,860512787,"675240866,675946553,676169792,677755251"
142,823430282,"649777232,649777193"
143,1042691569,"810578752,810577702"
144,1042690726,"810572422,810571648"
145,1024046371,"789293350,789293272"
146,1019324146,"783945235,783944086"
147,1014854932,"779058439,779054662"
148,1010529877,"775045825,775045780"
149,1006096693,"771375055,771374344"
150,1001032171,"767521225,767520598"
151,996119605,"763932088,763932145"
152,991152538,"760121464,760120843"
153,1348426255,"1159212337,1136243314,1124988214,1123845436,1136251162,1162261960,1161664327,1161664420,1161670408,1162896337,1162897336,1168049833,1162896139,1161664567,1162896004,1161664498"
154,1331100178,"1133593228,1133593024,1133579089,1133578930,1133578768,1133578549,1133578312,1133566831,1133566603,1125608716,1133566459,1133566240,1133564197,1133563945,1133563672,1133563525,1133563447,1133563372,1133559871,1138324525,1138324474,1138324300,1138324183,1143607933,1136256817,1136256787,1136256784,1136256778,1136256703,1136254345,1134303196,1136254339,1136254324,1133604922,1133604625,1133604382,1133604220,1133593480,1143615001,1143615445,1143615904,1125600406,1096223473,1136809045,1136809036,1138319740,1138319824,1138320586,1149268849,1138317256,1134313645,1138319506,1138319674,1136803165,1149314944,1149314752,1138312582,1149314644,1149314470,1138312672,1149310417,1149310207,1138312723,1152877345,1152913618,1154227033,1154227240,1152865264,1155786844,1155786685,1155786982,1156679410,1156679329,1152364963,1156674400,1156674259,1156674121,1156673992,1156684363,1156683646,1156680895,1156680763,1123840159,1130887804,1133549695,1133556544,1133556628"
155,1290193714,"1105261390,1092089176,1094299675,1093774828,1092690397,1092016060,1120928800,1115367124,1120938703"
156,3831273,"80475954,80475955,80475956,80475958,80475959,80475960,80475961,80475962,80475964"
157,774093276,"616888998,565373430"
158,559180875,"106261382,620504256,534773124,732333727,348832753"
159,395497124,"368030198,368030180,368030177,368030159,368030153,368030141,368030126,368030093,368030075,368030063,368030036,368030021,368030015,368029994,368029988,368029970,368029958,368029952,368029943,368029916,368029907,368029901,368029886,368029880,368029859,368029856,368029841,368029835,368029823"
160,221738910,"302895296,273902520,262299937,232997247,226221744,72047698,29432995,60256905,33851543,30350819,154709310,28517753"
161,212422382,"363009464,276096943,273600767,257154832,32691548,889892671"
162,160792024,"223636400,61978038"
163,139215772,"33851543,48936377"
164,90673671,"639658809,645655668,55808151,244773476"
165,65769208,"620504256,182443009,225474401,65314203,210174861"
166,15685360,"119645774,113523441,113312685,56936665,56829085,125527160,126160432,122876101,128302516,78600142,130617867,132644655,135472502,136853810,137125908,137657003,138048484,138702467,143850627,147451181,147810604,147825192,148810024,149271517,149479446,151036390,151977280,152208523,152300894,153118524,153557646,153698190,153953398,155350572,156629581,158513152,158373300,162640725,163769809,175890923,176690269"
167,14004276,"69801228,73142503,118388120,85124128,55936445,65076471,100297539,114839792,115162326,76522661,120978957,127539052,116712661,127993866,128755282,131933613,134199694,135423854,136256430,137522945,141809151,141809081,141808965,142128240,142012916,144313703,148626729,150705227,151057923,151359978,153075941,155603834"
168,610326630,"481021896,504927228,481515432,504920733,558006873,558012576,558014670"
169,533177031,"390290877,399472509,453149223,453150057,453151188,453152367,453153684"
170,533176290,"334480805,334884433,336853975,453142653,453143586,453144291,453144756"
171,533175429,"134230385,159222281,165467569,169095742,172553498,188150239,223649937,299525531"
172,533172606,"120397097,120403815,120407111,120408469,120411709,120412859,120416521"
173,533171664,"120488738,120489925,120540335,120541224,120543473,120545006,120546112"
174,54087329,"165467569,134230385,188150239,120543473,120397097,159222281,120408469,120488738,172553498"
175,378038519,"333808909,323695178,322500042,335567654"
176,317539562,"319022759,296089690,317754282,249103367"
177,330700395,"328119500,328118915,328119320,328119195"
178,1011639256,"718709431,775953190,773152900,775955203,680379104,724348336,404031954"
179,1356942289,"1094873830,1129203610"
180,1288900705,"1090252747,1090258405"
181,1285657126,"1086072685,1086077935"
182,1283407399,"1083263071,1083266686"
183,1277271913,"1074887062,1074905149,1078825585,1083263071,1083266686,1086072685,1086077935,1090258405,1090252747,1092801208,1092807481"
184,1273786114,"1070307283,1070317207,1070315884,1070315908,1070316706"
185,1249997452,"1025135746,582148521"
186,1096719166,"862404394,862404913"
187,1075369807,"818080300,818079835,818075965,818073949"
188,1348426255,"1159212337,1136243314,1124988214,1123845436,1136251162,1162261960,1161664327,1161664420,1161670408,1162896337,1162897336,1168049833,1162896139,1161664567,1162896004,1161664498"
189,1331100178,"1133593228,1133593024,1133579089,1133578930,1133578768,1133578549,1133578312,1133566831,1133566603,1125608716,1133566459,1133566240,1133564197,1133563945,1133563672,1133563525,1133563447,1133563372,1133559871,1138324525,1138324474,1138324300,1138324183,1143607933,1136256817,1136256787,1136256784,1136256778,1136256703,1136254345,1134303196,1136254339,1136254324,1133604922,1133604625,1133604382,1133604220,1133593480,1143615001,1143615445,1143615904,1125600406,1096223473,1136809045,1136809036,1138319740,1138319824,1138320586,1149268849,1138317256,1134313645,1138319506,1138319674,1136803165,1149314944,1149314752,1138312582,1149314644,1149314470,1138312672,1149310417,1149310207,1138312723,1152877345,1152913618,1154227033,1154227240,1152865264,1155786844,1155786685,1155786982,1156679410,1156679329,1152364963,1156674400,1156674259,1156674121,1156673992,1156684363,1156683646,1156680895,1156680763,1123840159,1130887804,1133549695,1133556544,1133556628"
190,1290193714,"1105261390,1092089176,1094299675,1093774828,1092690397,1092016060,1120928800,1115367124,1120938703"
191,304432193,"310520225,276931546,246845327"
192,211085196,"199397321,186323677,186321470,186320854,186317561,298307497"
193,61866894,"123874884,169066185,119737611,139750185,121772130,234169108,234796601,182066530,177301708,175446229,93461843,154929055,236450348"
194,7103595,"105563893,111847097,98065750,91537113,94563464,91185341,98682907,133735497"
195,5602108,"143664187,91045350,132807498,104509402,108661970,97515164,100980390,116232262,91155326,113166414,114207228,117726561,91043882"
196,1332266350,"1165103722,1165103806,1165103875,1171120174,1173092758"
197,1043021716,"810972265,811616269,811609948,815177674,815902336,816557884,820013989,820013893,820662892,821309170,824843950,825449434,825452014,826092487,829767154,830155258,830156365,833476591,833618314,834330550,834351715,835328395,837839110,838618384,838618357,839141584,843177637,843177553,843418363,846345694,848064130,848066980,851186368,853187113,853188115,864129850,864130300,876037417,880213117,880213576,881780416,883772161,885971626,890081770,891575770,893308981,907331443,906833398,906833608,907320433,907322101,907331503,907330999,909902053,909899086,919066078,918998389,920314237,928240045,937133254,937133635,940704913,940715695,945337861,945338167,945338500"
198,275401322,"100623452,125449377,139106510,155829793,70732968,66383772,61685777,94319448,77417087,140042877,129709108,141562270"
199,378038519,"333808909,323695178,322500042,335567654"
200,317539562,"319022759,296089690,317754282,249103367"
201,1007713315,"851039689,851040658,851039767,851040889,851042071,851042287,851042881,851043649,851044018,851081875,851082037,851082643,851082883,851083135,851083489,851083813,851083918,851084269,851084545,851084851,851085202,851085427,851805880,851805025,851805085,851805157,851805199,860300794,851805268,851805304,851805553,851805388,851805601,852661042,852661240,852661657,852661846,852662167,852662371,852667594,852670132,852676165,852676540,852680137,853202830,853203247,853203565,860301541,853204006,853204255,853204603,853211839,853215778,853245820,853246045,853250293,853256197,853268104,853268026,853270267,853719505,853720810,853723624,853728154,853731001,853747699,853752208,853751215,853752898,853765249,853765555,853765981,853768189,853787596,853787698,853787854,853789051,853788916,853788967,853793269,854517994,854518225,854518639,854518912,854519590,854521666,854522554,854522968,857254567,857257687,857258773,857261881,857267341,857270368,857281609,857282560,857284072,857285140,857284936,857299657,857441263,857441842,857442325,857442619,857443087,857498953,857499151,857498764,857498794,858361891,858364603,859087033,858365779,858372658,858372121,858372328,858372553,858372772,858383881,858384568,858385507,858386194,858386953,858388549,858390322,858388816,858389857,858389089,858390100,858418330,858418630,858419005,858419401,858419653,858419836,858420043,858420358,858420490,859110787,858420985,858432553,858433552,858434362,858437665,858439123,858441256,858443743,858446272,858448744,858451489,858455578,858461083,858560932,858560977,858563917,858563728,858567604,858574027,858573658,858574669,858575929,858577663,858580231,858586933,858590311,858590782,858601702,858604168,858604372,858609397,858609145,858612265"
202,1006102138,"765443848,771386152,771388084,776820673,786428224,786427909,791465089,795371566"
203,1000668796,"767202382,771035467,774746125,778753087,782791180,812755954"
204,1000503493,"767027509,770885653,774599134,778648288,782413288,685318681,688343113,694871962"
205,998319661,"765436021,768663010,776841205,782404282,786370909,799506901,807686392,821956534,821951086,826728955,831404467,831894097,835544740,839781097,875097835,851174878"
206,948630781,"343500291,106482723,67217380,47564074,59985007,60022073,60223013,60255517,61025155,61221338,64428843,64429112,64429179,64429260,64429374,277136320,225740251,72909221"
207,948560371,"730948105,730949233,730950466,730951369,730952140,730954138,730955293,730955863"
208,943583686,"726583339,726583762"
209,1351177507,1163552926
210,1232183347,"1013280166,1013280232,1013280070,1013279992"
211,1227286993,"1009050958,1009050946,1030852477,1030852435"
212,1032891280,"779505292,779505598,779505844,779506177"
213,714017895,575763018
214,460876539,"407058639,407058624,407058615,407058600,407058573,407058558,407058540,407058528,407058516,407058501,407058477,407058456,407058447,407058411"
215,318726236,"319744183,319744186,319744196"
216,268902892,"286343108,286343223,286343115,286343580,286343621,286343660,286343738"
217,211194251,"256428147,256428141,256428138,256428133,259189183,259189331,259189588,263908863,264868567,266161733,266161880,266162112"
218,1257080242,"1048953343,1048953349"
219,1230986956,"966470419,994084654"
220,1214810872,"917273473,654705254,687381568,346833279,876592189,676845927,670953443,581176638,661367384"
221,1141187335,"905365081,906840727,928893385,1052644714"
222,74884260,"186489078,181257084,186382996,180512168"
223,1299728884,"342743770,775980274,529294734,322089976,307497557,775863148,776259361"
224,1201272841,784108513
225,1160686285,"487224249,586778574"
226,1134631810,"452799879,394653558,453243792,784108513,258131331,380969855,245827030,654954689,202631934,662735849,122327378,554484609,413588520,292115501,582697602,230026854"
227,1005915256,"644637759,654183218,729565378,660720290,455118735,119137771,384957941,473838474"
228,1004569954,"400130814,348694682,292115501,543705234,457530402,376081649,255459161,665036204,343028044,336597819,572735187,432981996,413588520,122327378,662735849,507893403,473340663,166268453"
229,1001702818,"394620981,406484862,594037416,664078499,496970196,492686478"
230,1229445223,"1011822022,1011819688,1011818722,1011820528,1011821248,1011824374,1011825274,1011829717,1011830860,1011835639,1011836896,1013379574,1013383618,1013387914,1013447203,1015527955,1016975440,1016977657,1016978749,1016984845,1016988958,1017362197,1022201149,1022210635,1023561964,1028788657,1028806222,1028811304,1028818822,1031429548,1035863575,1037070256,1037073586,1037074534,1041127510,1041128629"
231,1227378799,"1009210576,1018509691,1018510195,1022756227,1022756902,1027924387,1027927528,1027930105,1027932067,1047758740,1047760597,1050973666,1050972838,1059189580,1059188191,1078949587,1078951591,1101225664,1101228310"
232,1177537552,"946281586,946285657,946287844,946287901,946290019,946290100,946293070,946303699"
233,1134259450,"899003134,899004241,899005315,899006875,899007934,899928184,901102378,901104031,901105099,902708581"
234,1108958830,"874071451,874072705,874074721,875854042,876851341,879770248,879771073"
235,1104823465,"870054562,870057004"
236,1098570484,"864313276,868955356,875848045,896009836,903924361,903925729,908302357,917053564,933912274,938818612,946255555,963022393"
237,1076304091,"839092705,839095558,845531629,849119527,853252216,857156350,860784961"
238,1076302342,"839092705,839095558,843643486,845524987,853254487,853262005,858491419,863294371"
239,1076302009,"839092705,839095558,843644104,845523442,849116851,853259911,853262005,857154730"
240,948652651,"726943252,730472146,730472122,730472128"
241,828822677,"653220557,653220536"
242,823710701,649038419
243,823395317,645615312
244,808690392,639864336
245,790948176,627740082
246,740416893,"629089356,629095014,629096307,597393396"
247,688325661,"547830129,547842621"
248,652907712,536524767
249,626458095,516809337
250,812442270,"642054471,642054504,642054525,642054570,642054645,642054732,642054813,642054900,642054984,642055080,642055119,642055191,642055275,642055317,642055356,642055419,642055470,642055584,642055659,642055716,642055791,642055851,642055863,642056055,642056166,642056235,642056289,642056412,642056493,642056622,642056676,642056766,642056871,642056985,642057099,642057270,642057402,642057477,642057525,642057573,642057741,642057909,642057987,642058104,642058242,642058353,642058491,642058575,642058620,642058638,642058668,642058698,642058752,642058821,642058878,642058932,642058995,642061329,642061377,649665749,649665791,660123212,660123182,666685841,666685817,669978329,669978287,677188878,680663099,680663141,684015833,684015869,713249839,713249830,709795456,709795405,706417210,706417177,706400995,706400974,698215417,716916730,716916769,727300213,727300237,737832934,737833021,737839309,741354685,741354712,745053184,748780936,748780987,748781017,752739157,756668209,760572310,764316001,767983066,771744931,775464628,778481380,780340948,784266793,787166314,788776126,792862219,794998459,799701997,811618363,809602567,808445500,804827716,804159253,819454462,818073451,816137929,822858454,825726883,845220772,847203361,859706236,861187615,863133520,871150687,867913465,874991749,877774474,881069266,890881249,890881324,894141592,895350631,894766021,898795045,902758249,907058446,909153031,914688628,915311338,915960304,917712338,916524209,918280492,918913369,919583215,926683921,927403945,927916642,930279688,928668085,932179942,932866348,935071480,935829826,940567822,941263714,944195581,944945140,948485746,949369996,950105899,951623581,952212544,952855684,955312201,956475568,965427823,966109747,969865483,970496851,972246973,972993598,974390644,976820470,982115302,982699243,987969931,991151800,1004174878,1002871756,1005381532,1012864549,1011041179,1022555437,1044005386,1044021352,1044038635,1044069193,1062142234,1062142201,1062142183,1062104770"
251,812441742,"642054336,642054378,642054429,652056107,665241551,682411436,697281832,721806097,755454844,770209876,783999787,792384025,810894403,832416154,861432151,877913503,905253559,926979544"
252,166756589,"1173234589,1170826354,1169381047,1165754203,1165044433,1161084385,1157575501,1152251785,1148028166,1144233694,1140237277,1136225839,1132235350,1128353617,1124258245,1120118680,1107501148,1103264143,1099332112,1094764978,1090635592,1086875272,1082464549,1078002097,1073533405,1068842770,1064390731,1059671251,1055210941,1050763348,1046820028,1042356175,1037632405,1035304324,1033138819,1030794133,1028859094,1026041329,1025489470,1023838789,1019170300,1016804017,1014914557,1011333691,1009401592,1005460132,1003088272,999222301,997816555,996754417,993482503,991252519,988841644,987003604,984146356,982090252,979706908,979229572,977566621,975132061,973176289,970735120,969269332,966200215,964311955,951910144,950020876,948209638,945563296,943624663,941369308,939307579,935407726,932936692,930855952,928668073,928095655,926293549,924607876,920283136,918378154,916202117,914700925,911771083,911013160,907626529,905586235,903338095,901667707,899607391,897548464,897548332,897548110,897546949,895370491,893743822,891698959,890408884,879565408,878463520,875905915,873988924,872003653,870234808,867764929,866089132,863903578,861845932,859706203,857857339,855536311,853756231,853745392,850806637,849724087,847304515,845442088,842783683,841243096,838900756,834787633,832835890,830536624,829193692,825918940,823867081,821255560,819262423,816243250,815058535,811767460,806091670,804787954,803767651,800880175,800102965,794951527,794070376,789706456,788436217,784315324,781875544,779425501,777871810,775698724,775647586,773953774,771575875,770045161,767829841,766208101,764175154,762868549,760424446,758896435,756711586,756509392,752864974,741432898,739385164,728222950,725272453,715077610,705504019,694303492,689431978,686587729,683506229,680703602,675759218,669468317,656408060,645734526,642534201,634739505,629070426,624853242,618198177,616563366,613799676,610388361,604606866,599414856,595692774,592079127,588538278,581171169,578058900,573896679,570152424,563117367,547901289,536632707,528911250,521845182,514755282,508048152,501318750,497956683,489733668,486847497,482333310,480741699,474423444,469531929,461563458,456849885,448744677,447235635,441191466,436202181,432214353,425405469,418366068,412662336,404274144,397112247,393525426,389142231,380791424,369626015,365814575,359382263,359382260,352593560,349305683,347705872,346729024,346158036,344018657,342969928,338999843,336863109,334088769,330978058,328478049,323983069,321610461,319648214,316625623,314720356,311721193,309043525,306619444,303191859,301863839,299784002,297608709,297544365,293532208,293000864,290817290,287478864,285075918,282575592,280013588,278979026,275834746,273537601,271281962,269412394,267373805,264953392,262533747,260262260,257689244,255078108,251256182,248871290,246281950,242922798,240723313,238172953,234688107,233864761,233691895,233691881,233691872,233691859,233691845,233691820,233691803,233691789,233691782,233691763,233691732,233691722,233691709,233691693,233691651,233691635,233691628,233691607,233691596,233691587,233691577,233691566,233691536,233691526,233691519"
253,1358573992,"1158243475,1109707576,1052234533,1129522522,1167295828,158785965,1154526892,1132545106,1116707884,1149617071,1143951841,1167312319,1162989694,1140718108,1086807301,1158668338,1152598654,1144090141,1130615506,1158868615,1101060079,1104556576,1136593579,1128684976,1095181306,1104941863,1156788916,1149686098,1117420324,1145377375,1161336169,1109887216,1134430126,1149710275,1138235095"
254,1343691877,"1147559080,1117567168,1130556226,1019819359,1140884077,1103653660,1150630690,1150055764,1145379517,1140707482,1132675492,1154352223,973434052,1149712543,967895122,1127849977,1140581971,1102302247,1147266439,1121002735,1142200147,1121040928,1109690380,935059387,1136494378,1119789022,1117575430,1142278396,1121756161,1144966387,967425997,966070540,907681888,1133894569,841218232,1129082809,1100990512,1096917799,1141070797,1145720692,1140660181,1126259224,1091951359,1150215502,1139443531,1129243369,1140960130,1138315618,1145479837,1091515861,1154600959,940642036,1143632593,1146052132,1113131032,1146170230,1121790100,1141559551,979836322,1149488074,1158098101,1027027309,1025544970,943516567,1121007256,1083810547,1099944295,943604077,1134054526,1117420324"
255,1343684860,"1137576694,1113314170,1156324882,1152921691,1144489849,1142288332,1103967391,1071154534,1145609722,1140753769,1148272942,1153843975,1134285721,1083639427,1132977880,1121945152,863551528,1134386443,1128418771,851742706,1129844116,1124155594,1145412277,1046922823,1129770391,1128584881,1133624659,1149803980,1126110496,1113310810,1110601783,1131964942,1129749667,1150314136,1137859276,1128409552,1144184317,1145954380,1123885663,1077628969,1102302247,1147653175,1125806173,1146014290,1121751625,1109512825,1134105922,1141100851,1145088001,1138834699,1116056560,1117254460,1106028277,1125742177,1138431697,1100484724,1133029633,1137835024,1140724054,1124336683,1115499709,1114033705,1109278852,1052284363,1101168082,1001675110,1030056997,1033436017,999183262,1154209282,1158013825,1156914328,1153958578,1144271698,1153668301,1141956457,1162385830,1128582883,1129203610,1144980319,1128685102,1144841806"
256,1330550437,"1112076793,268143313,661442384,1043960275,1071116557,1002152980,1122713092,1121756161,1141016188,1069045114,1032538183,1033843927,1100475280,1073076217,1096899070,1093028905,1104222451,905044399,920136433,1059161194,1130523871,1130270704,1078088770,1133043478,999281416,1134405721,1095719041,612053736,1104674455,844746142,1137359620,1116199627,961149217,861851737,966033823,1061280595,975096082,993510628,1105715974,1130045578,1046763565,1124361280,1056632368,1125576022,984342157,1118367136,1068762541,1007510212,1013437714,1100944102,1111100032,1037159587,954236581,904822810,946276006,1022788336,999093091,1021176115,1083998917,1047376813,1087371544,1057041292,1020268132,1065746869,939854116,886270798,1130276551,1039195672,1078724515,872572465,820945162,799163788,928629958,1064965468,1082984848,1098501223,1121875465,1145376772,1132887694,1083997240,1128442903,1138539559,1134284716,1083997144,1111321219,1134506668,1123508194,1126308952,644767701,1132477903,1109256034,926437474,1114185274,1133366431,996053896,1146779482,387070613,338567340"
257,1328539726,"1051629268,1032185242,1137612709,1122554557,1046258164,1077676930,1083537859,779283613,1059834589,1034731936,1109109349,1125821188,1125768709,1128439366,1129622368,1126497043,1049024032,1124448199,1102515724,932704972,1033549153,883363888,1132629652,501130626,1109337622,1056672118,1129862926,1117253815,1105613116,1122756799,1091031595,1103550451,793424575,1118074948,993253453,1029509362,970094956,1010075236,1118305540,972700198,1091785210,1016708050,1026196237,1056771784,1051328209,1133529628,931273813,1039951171,814516966,1104648271,1030272892,1133071720,1039256581,1109676238,1056546517,1003818403,1136439067,1130443027,1130266168,1116369325,1033163899,1125837628,1067332504,825484588,1029881182,1016379439,1101185131,1033337404,1076033677,1116912886,1134589768,1095565507,1109512825,1132527373,1109421892,1104892924,1090661767,1123885663,1124445628,1121751625,1086732208,1108410874,1115499709,1125168493,1124336683,1126233850,1121086807,1113354175,1120385383,1140724054,1126610050,1117632310,1142001742,1136395153,1117420252"
258,1314287236,"1121841736,1083351052,1072907617,1075619017,1096136701,950017078,1126193470,1108283389,1116350899,1086297034,1054493269,1106953378,1099686958,1043122054,1121841721,1109682580,1035239464,1108597180,1082504068,1046353342,1065069139,1095273133,1100581597,1090119559,1075811869,1090969534,1111139992,1120993114,1103516608,1102899553,1091691637,1078776424,1084595896,1068616051,1004835211,1056506074,1103653660,1113401407,1113873796,1113221887,1114644988,1083867244,1105290112,989372830,1018462171,1114128289,1081816291,1113102319,1064454580,1068376774,1118005111,1112072338,1020696238,1108699150,1104553525,1089166456,1104571870,1117957240,1080145804,1108187917,1090191106,1016826757,1115793043,1094221267,1092793039,1048263067,1099940770,1083908236,1066348357,1062886369,1028553583,1048449535,1096790107,1117871368,1092106600,1077866914,1113920125,1116879880,1035460711,1122184639,1039494727,1052910457,1075777756,1087302457,1101510889,1114172176,1091348851,1113747070,1126193458,1088585212,1081805974,1096465945,1115608234,557435823,1117001284,1105085521,1079872606,1126193464,1016836078,1099193101,1118638888,1118738239,1071116557,1052774593,1086641560,1118199382,1123994446,1096337851,442249566,1075639405,1111815742"
259,1313713441,"1111371685,1053111010,1084295905,1077677116,1117667704,1088768584,1071016999,1108692118,1121590282,1065861625,1082222008,741252172,1074743662,1098724429,1069237495,1103996101,1104342268,1103989663,1101184786,1104015613,1091785210,1052490613,1086775756,1089021277,1117579489,1107137854,1064512030,1052491372,1096983727,192942694,1104871198,1088740411,1048525327,1086776959,1066259461,1100438596,1114478914,180568776,1100528347,1070971483,1113060283,1095111331,1116350899,1102760653,1086585775,1101213127,1102147897,1088602840,1101384040,1113421570,1056506647,1101020005,1088135461,1059210472,1121802064,1037523709,1084622377,1080376006,1104753208,1121898661,1101183751,1057003633,1103800576,1092682393,1101177031,1044702052,1112096029,1118006995,1066815316,1091484202,1084139719,1091553514,1085766919,1100426284,1066640620,1078426024"
260,1299553042,"1061815792,1080311746,1066338505,1057182679,1105920433,1015756648,1083039172,1033214761,1061798014,1088625934,1044583513,999150193,1079536192,1065741694,1090337260,1082958355,1018404391,1110838462,1047187084,1112606725,1090711450,1090969495,1075006204,1070669176,1101969238,827731633,1061365072,1063718734,1091546578,1018455532,1075078198,1108112752,1090751128,1010358736,1086129313,1060096504,1081324780,1039778677,1055400022,1092052225,1097101762,1086752494,1094640223,1094282722,1091815522,1088271361,931626928,1097144893,1055382331,1088726506,1079840023,1092836782,1099217608,1100597557,1073129437,988705960,1075726573,1088315125,1073755162,1081547584,1092549373,1094650492,1077724360,1056067570,1032063688,1082516386,1099813111,1072671910,1103341519,1063755619,1063699252,1090884094,1056585406,1046476363,1065216742,1078390297,1035318745,1104102898,1110837490,1066310605,1077472120,1061797309,1099819435,1084506856,1101202276,1074157429,1053028105,1095757315,1096475086,1105085269,1082295859,1101401743,1079882662,1105204300,1078319833,1092679189,1101195523,1082438887,1104146761,1101230362,1081722232,1108775806,1010339692,1090324849,1071304726,1077498769,1088281585,1099181935,1065019378,1098750145,1111963159"
261,1297198663,"1077677533,937058980,1095181306,1094873830,1062075337,1088740411,1090774249,1094229295,1069888936,1080232597,1086606922,1077677536,1057453498,1075455670,1083993445,1014283630,1064410573,1043911939,1051130128,1092903031,1075763677,1092533314,1014283714,1053005869,1037556001,1075788628,1064367733,1099863202,1091987212,1022141308,1092815479,1095758914,1087925194,1023145591,936374833,1061545786,1066160869,1088740732,1092847732,1088143558,1092792094,1057176955,1092540970,1056158893,1061815792,1080310114,1095791368,1056876229,1050367426,1048677850,1092880525,1074943096,1096351435,1075737703,1099495330,1051775884,1070654263,1088307988,1088151721,1043899813,1077677263,1046130073,1113954697,1096983727,1097117293,1103763241,1056247183,1089021277,1088391571,1057003633,1042860748,1104769297,1100503684"
262,1284186820,"1075058668,1016844415,1056029293,1074264550,1039019983,1069045114,1081917682,1016836705,1023770905,1068021511,1069412923,1050169090,1090934416,1061087344,1087859953,1047466147,1020353317,975772660,1087437823,1068572731,1039164337,1050816757,1083285169,1073715241,1048299718,1011261742,1069532377,1039856179,1083039172,1071749695,1078569175,1071749710,1040101156,1072788193,1050261226,1075726612,1077420055,1052160487,1071851074,1043179207,1065624037,1075006174,1087962748,1087333285,1061325406,1045740829,1092619564,1074207640,1066486876,1082516338,1092172909,1055088952,1015708708,1043625937,1078024441,1089577177,1052546515,1076577922,1067754817,1080051829,1027963366,1089835003,1092734749,1080066349,1091546578,1075804780,1079560729,1077472138,1035157462,1084573702,1084573297,1080057949,1085981563,1090293811,1092726175,1087936777,1092768553,1094312413,1084670560,1056045307,1058137228,1078601671,1050979936,1064768161,1026072457,1051602862,1049094748,1092807481,1090752520,1078584460,1084462081"
263,1355623519,"1169679271,1169679262"
264,1355365069,"1169061061,1160790784,1106673709,1086144739,1094144623,1004383879,1099400830,1088806213,1094795401,1097167600"
265,1349413753,"1162795102,1162794934"
266,1348321555,"1161562483,1161562438,1161562384"
267,1343981776,"1156324936,1156452244"
268,1342008202,"1154090302,1113718267,1154090266,1154090200,1134183379,1154090155,1154090122,1154090080"
269,1340992009,"1152819451,1152819436"
270,1338494491,"1149934765,1149934753"
271,1337444104,"1148709412,1148709397"
272,36507338,"137400039,140740470,144372561,148694743,183240444,186601693,186843371,188820314"
273,33089069,"107119125,137400039,111367975,124804613,130011339,129015171,94841494,94841604,111368841"
274,26807439,"147692191,130011339,134815085,139542896,185366445,161381354,154335560,143084936"
275,22415729,145750493
276,21215960,131183906
277,16025165,"129015171,120298916,125861112,133701426,122598550,151032147,145459574,138412042"
278,10440835,"109933556,110458009,110972293,113950136,114219931,114360490,114428768,114857804,114925856,115448170,117072608,115145670,128847666,152328544"
279,9374229,"98934647,93660705,105520500,102706584,97108289,109933556"
280,9295349,"147364743,142172674,138761189,127992164,106312470,109079809,109080383,109080592,109094845,111367625,111367975,111368841,116262941,122477817,105520500,152280973"
281,7031980,"131690929,124804613,108023444,102706584,97813776,93660705"
282,345882627,"338241565,338242028,338242318,338242781,338242983,338243234,338243450,338243689,338243941,338244096,338245189,338245879,338245977"
283,271517080,290618854
284,269512346,"289466587,290054064,290225972,290385074,291922943,292234301,292550571,293474545"
285,267756192,"288163123,290615082"
286,267180513,287585316
287,261924313,"284441449,284588488,288052438"
288,260036000,"283355588,283971078,284142888,284314396,284455743,285297710,285451343,285590880,286181951,286405503,286609823,286741172,287349872,287681744,288033066,289024373,289177533,289481066,290088501,290263676,290405438,290418667,290569183,291654136,292595953,293523004"
289,222675601,"262815087,263971441,265089145,265232374,265239849,266219667,266358810,266363632,268485226,269764076,270689334,272615892,274891501"
290,222223611,"262501688,262502292,262502974,262503374,262503752,262504392,262505084,262506150,262507174,262507714,262572609,262572894,262574537,262576274,262576757,262577163,262577429,262578246"
291,183034680,"240811777,240964111,241423405,241595740,241760184,241926983,242087760,242548322,242724280,242891109,243054997,243691223,243870085,244039928,244223294,244399773,244901605,245055549,245241601,245401945,245571577,246026039,246208101,246370398,247157041,247336611,247687301,247525819,247850771,248320245,248495834,248676490,248841623,249464949,249657409,249830007,249992928,250656003,251009844,251337265,251981641,252147612,252343557,252577921,253771607,254082767,254409897,255563641,255747234,256188220,256735034,257247086,257423263,257600290,257795169,257971374,258450669,258613509,260020568,260978317,261159426,262623393,262790777,263217951,263772954,263950629,264392120,264727871,264900812,265048574,265500233,265670571,266011787,266198904,266596837,266776738,267096871,267276469,268298919,269599015,269604820,271234132,271395430,271576389,271719690,271732627,272131987,272270299,273638793,274228693,274533581,274703379,274876898,275444732,275775355,275906196,276349274,276473284,276638019,277347560,277501544,277644698,277645660,277952256,279145216,279190681,280256255,280531458,281165997,281295058,281583880,283135474,283423245,284258688,284385105,284517437,284945060,285423568,285550905,285953670,286103682,286560939,286674548,287591326,287842828,288930552,289257308,289538714,290028086,290410832,290495094,293592265"
292,1238473423,"1023687706,1023687934"
293,1186047919,"955735390,955738771,955738936,955737940"
294,956775199,"620084619,647108616,715001398,661586462,714999898"
295,944879992,"812175418,870886657,955737940,939661291,955738771,899130970,844993468,955738936,955750756,955735390"
296,927340867,"715001398,714999898"
297,280295132,"240535267,295934092,295925768"
298,264922171,"286192806,286193297"
299,140959142,"981660574,955737940,939661291,955750756,899130970,870886657,844993468,812175418,955735390,955738771,955738936,715001398,714999898,661586462,620084619,647108616,406070745,343265808,262320235,268483998,295934092,295925768,290984347,286192806,286193297,270977062,267989737,240411440,239780315,218847035,213023120,233862971,235292865,221116454,211259996,209470575,209294817,208350160,208179318"
300,1257674311,"261297641,1024903843,1049558194"
301,344463466,"157113891,160287435,152518345"
302,344461208,"337414482,152516461,152516680,160287435"
303,343966106,"1082082064,152516313,1012108402,1018311871,180208974,154564321,152516749,152516570,160287435,152516242,470129127,926119663,914170003"
304,764073405,None
305,442557225,395335608
306,340131324,None
307,1283761915,"554484609,213991857,294880565,1075297798,341618544,1063618345,209579854,1063616431,939448837,1058962414,516708219,1075294027,1058965876,1055945152,849586801,624106683,787640257,683410505,433088382,515672067,932196079,249183164,368080238,297893459,641776347,188971575,739656385,539731473,298358730,624674283,619846890,484120113,382599011,619885107,193676224,1035211327"
308,1152204211,"918284632,918284623,918284614,918284608,890386765,918284599,881875243,932200888,918284581,918284572,918284569,906087037,918284554,918284551,932196079,918284536,918284533"
309,876018910,"683391875,706333915,706335943,683408288"
310,798147459,"613047786,613053447,616931154,616931817,616932669,619843143,619845819,619846890,619882689,619884102,619885107,619886232,619887462"
311,682647375,"538282791,539731473,540736680,541648155,543488112,544439109,545375085,546857940,547799859,548718372,549905559,550602456,551470275,552281223"
312,1330324129,"1140724054,1140721108,1140718108,1084626316"
313,1255081657,"733040236,827957461,733052935,827958112,827958844"
314,1206416653,"970693813,979489393,979490089,979490548,979490896,979491427"
315,1085071780,"851591647,851593054,851594551,851595379,851596030,851599393,851600335,851601067,851601925,851602951"
316,1058516083,"733040236,827957461,733052935,827958112,827958844"
317,1047625615,"793383928,812947375,836620489,861314776,939027037,991020760,974134306,964508305"
318,1019954131,"784650658,764424082,784650619,784650589,784650631"
319,932334781,"727524919,723734644,716975179,713272978,709572727,709572772,709572829,568524525,709572886,706519576,701768743,693940126,693940843,693943120,690980530,611783193,597910014,686800066,643460139,677233197,677233134,677233026,670051952,622213959,618431532,618089037,616698057,618022365,561005739,544983003,541229184,483745701,461962704,458860332,458868705,422371593,422371578,741435274,756754018,760620430,779708815,775723735,775501366,775603894,764424082,784650658,784650631,784650589,784650619,795427135,793383928,801073252,801073798,801074101,811356850,840662332,839038810,847373911,850350952,855675919,862534753,851591647,851593054,851594551,851595379,851596030,851599393,851600335,851601067,851601925,851602951,865662574,890440834,893792113,893792095,893792128,893792122,970693813,991397215,984231628,968224765,974109529,961440625,941441869,944729305,934841614,928754521,916646771,979491427,979490896,979490548,979490089,979489393,1009877035,1002054487,1030916419,1047770443"
320,1265270080,927931393
321,166629980,"233623717,233623712,233623705"
322,1302856603,"1107589963,1107594805,1107593755,1107591508,1107592150"
323,1249252648,"1038459211,1038458197,1038458092,1038457837,1038458275"
324,1246948648,"1035333409,1035333196,1035332641,1035332437,1035332356"
325,1238615569,"1023916030,1023912334,1023913948,1023914287"
326,1202511913,"974480242,974480485,974479891,974479981,974480374,974480098,974479975,974480476,974479996,974480170,974480095,974480074,974480182,974479984,974480041,974480047"
327,1202511790,"974480077,974480389,974480197,974480257,974480545,974480059,974480299,974480101,974479954,974479972,974480080,974480035,974480314"
328,1202511565,"974480788,974480281,974480728,974480392,974480593,974480287,974480470,974481304,974481283,974480437,974480641,974481244,974480653,974481340"
329,1202511538,974480563
330,1202511247,"974480806,974480338,974480053,974479951,974480296,974481082,974480227,974480245"
331,1249755682,"1165570405,1162064020,1162052548,1151888824,1148619547,1144401418,1140744556,1138002787,1134570058,1128060121,1124555287,1121874013,1116497992,1113635680,1107810193,1104277423,1102889095,1095659656,1091062426,1088958052,1083439990,1078405837,1074563899,1069164883,1065047167,1062234478,1055654818,1051733140,1049028583,1044745174,1039286821"
332,1246051696,"1170579601,1165366630,1162555174,1159091863,1154647297,1150454407,1146189922,1142552656,1138627159,1133286220,1129329571,1126394755,1121976895,1117852177,1114068460,1109841778,1105641151,1102890979,1096318672,1092989422,1088954398,1084800760,1080489331,1075019452,1070856589,1066133941,1062264442,1056245326,1053126844,1049031511,1050275392,1039974046,1034172418"
333,1208658313,"982097338,982130248,982851373,984834139,987356734,987361147,987971935,988891810,989465248,991177843,991846036,992781844,993506191,994518583,997777768,998428396,999147406,999774856,1002494098,1004047096,1004820499,1006073635,1008915985,1010488552,1011073174,1011847423,1014651631,1015386799,1017395497,1018962706,1021581991,1021587721,1021601467,1023161632,1024321201,1024994146,1025893924,1027051273,1028507524,1033862800,1034470303,1035197119,1036405732,1037847409,1038367144,1039978471,1042322941,1043732773,1045070629,1048021429,1053450511,1055473423,1056039769,1058114947,1058474488,1060444663,1061326708,1061851741,1062984649,1064357515,1064959609,1065936559,1067297092,1068826813,1069608274,1073490583,1073498299,1073509957,1074232996,1074929659,1076958670,1078096321,1078736431,1079398819,1080074647,1081262161,1083062122,1083271786,1083751351,1085611450,1085620129,1089689347,1089734146,1089774844,1089793156,1091327191,1093837642,1094904985,1095562225,1096219093,1098172678,1098179530,1099204297,1099864768,1100606551,1102377013,1103406544,1104023206,1106328934,1106428558,1107489430,1108089637,1108685143,1109494009,1110687088,1111765891,1112399452,1114110010,1115039413,1116182125,1116848734,1117542055,1119254119,1120384501,1125197014,1125743620,1127453323,1127999323,1129271917,1129279108,1129613743,1131277660,1132325767,1132916371,1133650327,1135293937,1135325938,1136338795,1136903905,1137503344,1139339467,1139344654,1140319660,1141188541,1141581694,1143222337,1143295831,1145433976,1144258861,1147564276,1148134987,1148382742,1148863135,1150304035,1150315279,1151316883,1153027501,1153102909,1153669549,1154285644,1155341365,1157580448,1158002437,1158769432,1159873240,1160588032,1161825562,1162405627,1164071401,1164075067,1166099491,1166662054,1167364669,1168213246,1168951798,1169939461,1170630139"
334,1208658106,"982094086,982132753,982843861,984828529,987335605,987349774,987965416,992761708,993489712,994511893,998425282,999769915,1004038030,1004792611,1005502885,1009062919,1009075417,1009816372,1010469256,1011262747,1013191552,1014794617,1015451056,1016794264,1016799688,1018487584,1019215870,1019755306,1022677108,1023893746,1024491973,1025126344,1026055678,1027833316,1028749024,1029396949,1030036282,1032580081,1033211326,1033942141,1034611714,1035321991,1037050417,1037788858,1038477943,1039130365,1040014693,1041762166,1042507021,1043138941,1043851090,1044559567,1046197753,1046946622,1047779113,1048133797,1048735399,1050772987,1054599289,1055409115,1056064858,1056743722,1057399540,1060566883,1062000877,1064397268,1064401048,1065100363,1065917419,1066641997,1068222214,1069090111,1070630479,1071307432,1073008459,1073689078,1074417544,1075046380,1075823386,1077473440,1078203721,1078901617,1079544136,1080193966,1082469679,1082470915,1083268270,1083874663,1084608814,1086098302,1086777226,1087466749,1088084203,1088785654,1090301350,1090911172,1091535595,1092137227,1092842920,1094415673,1095112420,1095666382,1096347640,1097132359,1098695824,1099366267,1100004679,1102890535,1103549311,1104142810,1104689629,1105434436,1106991910,1107596854,1108206094,1108859053,1111244617,1111247629,1111884337,1113300148,1113302119,1114067644,1115686036,1116373756,1116964663,1117608967,1118233873,1120440973,1120454248,1121036758,1121709439,1122402298,1123929142,1124553838,1125136426,1125701701,1126393699,1127980348,1128636472,1129188523,1129750492,1131972256,1133073823,1133740216,1134386230,1135847812,1136467516,1136980426,1137641365,1139965078,1140614116,1141131853,1141680610,1142372266,1143806071,1144440646,1144972801,1145522206,1146191194,1147656862,1148458345,1148995297,1149512359,1150274875,1151890165,1152544342,1153206235,1153936846,1154421700,1156324738,1156896496,1157541820,1158473221,1158932281,1160460085,1161155002,1161900862,1162496197,1163161801,1164670129,1165308706,1166009248,1168757830,1168763542,1168779679,1169335150,1169936311,1170575212,1172897740,1172906518"
335,1198734412,"969389785,966289714,965560135,964970062,964393360,963645586,961970221,961227046,960487306,959982622,959420704,979133599,978423289,977766745,974538199,973906588,972561178,970736935,984306508,987055546,1007755657,1011398536,1016227075,1022782366,1023376051,1019234701,1015593931,1014895612,1013583961,1010757346,1009283605,1005590668,1004920261,1004401423,1003059694,1001525776,999343882,998031961,997037158,996227572,993797377,993003715,992313988,991453708,990774289,987528838,983535448,982916923,982184092,981541765,979802176,1037886853,1073774407,1080452626,1084067923,1083305371,1087472593,1095791749,1103618677,1109514754,1109738044,1111369915,1118320804,1147771312,1148532454,1149062629,1149449728,1150321879,1152006673,1152597682,1153249441,1154393752"
336,1198657681,"969899632,973795570,992822599,999356269,1011378022,1011437035,1016220181,1024486957,1044687592,1048756123,1053053671,1066492798,1071438769,1075107847,1088186527,1092914785,1097240584,1101446134,1109525224,1120315552,1134430009,1142359159,1144310833,1149692170,1158377368,1164791881,1164778624"
337,1197610378,"1173030283,1170852634,1169987083,1170848596,1170097417,1169507656,1168974433,1165621657,1164687892,1165606069,1166193328,1165558987,1164897157,1162560604,1163342494,1162675297,1161929194,1161468748,1160589904,1158513751,1159086688,1158479935,1157743897,1157105380,1156455157,1154022859,1154617825,1154013289,1153409224,1152694105,1152081142,1150439164,1150429495,1149834502,1149185092,1148638120,1147851712,1145780026,1146345478,1145735728,1145139520,1144590193,1143995443,1140791068,1142543983,1141902868,1141338130,1140783124,1140091894,1137279118,1138616560,1137972817,1137271804,1136641711,1136069932,1133279080,1134534241,1133931292,1133255248,1132698103,1132099777,1130040178,1130638288,1130012857,1129365385,1128808981,1128150718,1126471030,1126572667,1125919300,1125303286,1124688883,1123918036,1122562984,1122550006,1121911354,1121242843,1120611643,1118417254,1117594801,1118376283,1117802263,1117170754,1116513880,1115877130,1114050973,1114034983,1113267817,1112775745,1112069587,1111452640,1108825087,1109642080,1108953454,1108407628,1107779866,1107172237,1105575895,1105570777,1104927652,1104269722,1103743942,1103085769,1100605843,1101570931,1100902153,1100196523,1099543837,1098913879,1096623118,1097262703,1096607926,1095841333,1095252115,1094564563,1092859720,1092983854,1092368965,1091695768,1091027317,1090454881,1088930329,1088922121,1088252803,1087573306,1086963877,1086117187,1084803559,1084717663,1084048576,1083421951,1082738533,1079099578,1080438640,1079774713,1079083834,1078379794,1077699808,1076082301,1075315654,1074571201,1073869810,1073108965,1071473890,1070838682,1070022790,1069157626,1068387382,1066774021,1066060942,1065305233,1064570989,1063920568,1062148135,1061474602,1060820734,1060102273,1056268123,1057534204,1056894844,1056229078,1055583724,1054768249,1053110665,1052495020,1051720738,1051164481,1050493747,1048902040,1048303897,1047759133,1047098146,1046426281,1044789946,1044068833,1043327338,1042439857,1041907963,1039426600,1040136013,1039419259,1038642304,1038009130,1037285752,1034898793,1035502837,1034881303,1034131687,1033446970,1032731422,1030909132,1031073217,1030328626,1029610093,1028945332,1028134960,1026217297,1026202816,1025504515,1024628452,1023858334,1022867947,1019797219,1019982097,1019409331,1018703764,1016932852,1017003670,1016103610,1015668784,1015014367,1013692255,1010746624,1011467944,1010726209,1009848409,1009357900,1008063460,1005603640,1005701275,1005030544,1004363962,1003402441,1001748982,998767672,999449176,998743918,998075503,997295089,996254347,993932029,993936163,993142756,992446840,991504045,990830755,988958983,989097148,988354255,987654211,986195920,986306824,983733148,984452569,983717206,983003344,982376317,981595666,979281778,979951327,979266085,978530248,977919388,977227540,975439300,975438262,974783845,974054152,973413088,972683173,970877104,970875931,970197802,969479659,968847022,966446194,966296200,966422647,965823931,965115778,964460251,963766567,961246684,962029966,961236709,960594448,960004276,959414206,959869237"
338,1195411096,"966146548,975106711,970736935,979873675,984158560,988895809,993884923,999345127,1005596617,1011404776,1026026305,1031023543,1035419152,1039964377,1044529483,1053058915,1057454986,1062068674,1066723351,1071420790,1075102447,1075947562,1080446680,1084710769,1088842819,1092855661,1097237449,1101423871,1109787568,1118327497,1122489235,1134380920,1138517320,1142437816,1146172354,1154550985,1159374139,1162484977,1165494007,1170938470"
339,1193800231,"952817044,964492318,964494151,964490995,964497481,964501390,964506643,965781598,966909649,966917014,966921196,968915356,968920918,969287014,969922150,970614124,973275862,973316743,973746457,974685247,975114046,976951948,977832190,979644217,979650367,981498967,982061815,982774279,984162064,986031664,987387184,988015648,988960828,988964485,990508123,991267525,992142490,992837953,993537757,995716651,996735244,997795441,998452543,999351925,1003108423,1003119496,1004189770,1004982268,1005641788,1007762770,1009354906,1009830418,1010653390,1011402781,1013161393,1014734452,1015470454,1016978230,1018414099,1019747485,1019889418,1023400318,1024441714,1026007474,1025425237,1027948534,1029304429,1029979504,1030892245,1032490288,1033168354,1035382369,1037656321,1038635473,1039316515,1041636871,1041645070,1042359856,1043055364,1044572746,1046124670,1047093583,1047687061,1048727281,1050760672,1051510597,1054512271,1055289574,1056644092,1057444180,1059718846,1060708057,1064296702,1065777508,1066484398,1068300211,1068856333,1069941364,1070592553,1071434773,1072963075,1073618407,1075173253,1075935979,1077723505,1078889836,1075965706,1075967449,1082698198,1083352885,1083822709,1086227953,1086738241,1088180506,1090222828,1091644675,1092964783,1095221794,1095829261,1096256827,1096979125,1098630082,1099968535,1100779987,1101436009,1102903144,1103464741,1104234331,1104661033,1108179598,1109792290,1109793406,1111367863,1111776946,1112705185,1113362920,1116391456,1117659127,1118319697,1120311949,1120312537,1121641999,1123849960,1125243343,1125898852,1126423705,1128516928,1129155400,1131841558,1132595761,1133604514,1134395329,1136372869,1137821188,1138453006,1139821231,1141210909,1141831546,1143776659,1144301047,1145452927,1146136171,1147577767,1148928133,1149451294,1151820208,1153125589,1153719661,1154376418,1156168915,1156804339,1157468584,1158064006,1158825853,1160366431,1161850126,1163087035,1164789103,1165219564,1166116222,1166115952"
340,1193251051,"1171545301,1166015503,1163377309,1159056637,1154037595,1148442736,1146208075,1142478016,1138579069,1133656822,1130398504,1126614778,1122582148,1117817305,1114064512,1109711224,1103104141,1101349495,1093051480,1088908990,1084787572,1080408805,1076113579,1071527485,1066674427,963812152,963819571,969294688,972662761,977214520,981714319,987439228,992862301,997442434,1001318968,1007971471,1015073194,1018714660,1022703844,1026182572,1032692023,1037281273,1042627633,1046462611,1050257749,1054678375,1057424545,1062224560"
341,7221055,"98813547,98815220,98815526,98815644,98815756,98815934,98816154,98816333,98816508,98816689,98816849,98816941,98817058,98817189,98817306,98817460,98817568,98817725,98817821,98818015,98818219,98818317,98818445,98818564"
342,120521579,"188702674,212386032,271589967"
343,1318827850,"1127481823,1127481808,1127481793,1127481745,1127481664,1127481700,1127481715"
344,1204459009,"976880599,976881130,976884262,976881097,976882735,976887313,976887262,976882963,976881724"
345,1355623519,"1169679271,1169679262"
346,1355365069,"1169061061,1160790784,1106673709,1086144739,1094144623,1004383879,1099400830,1088806213,1094795401,1097167600"
347,1349413753,"1162795102,1162794934"
348,1348321555,"1161562483,1161562438,1161562384"
349,1343981776,"1156324936,1156452244"
350,1342008202,"1154090302,1113718267,1154090266,1154090200,1134183379,1154090155,1154090122,1154090080"
351,1340992009,"1152819451,1152819436"
352,1338494491,"1149934765,1149934753"
353,1337444104,"1148709412,1148709397"
354,1335233041,"1146193450,1146194824,1146196843"
355,1267551847,"1047978307,1047978259,1047978277,1047978325"
356,514961547,"420974769,440819244,438153852,416905776,416910855,440825736"
357,1333597093,"1143157798,778558673,1006533127,1144432771"
358,984658576,"757116904,589533363,644628030,779527600"
359,735428664,"594334542,594338055,594346506,594353469,594356316,594359142,594361446,594364131,594366540,594369522,594371286"
360,249411404,"718232146,718227274"
361,26816193,"135630820,139461783"
362,1264872856,"1058522614,1058522596"
363,1239325954,"1024953733,1024953547,1024953370,1024953163,1024952995,1024952821,1024952647,1024952506"
364,937218379,"722033581,722037385,722039707,722039791,722040013"
365,317517461,"318972969,318973390,318973660,318975291,318975601"
366,311081017,"314899666,314906920,314906896,314906867,314906848"
367,300321079,"307427947,307945101,307946200,307947224,307947990,307949326"
368,293884165,"303176782,304184949,304186118,304188027,303975410"
369,203827501,250906097
370,646843038,"48568559,48568558"
371,3817676,None
372,3656125,None
373,1083797326,"779784640,624366057,788492026,779901796,641301411,501847329,522839037,545154366,577921677,862092820,1115041879"
374,1083795229,"779010448,617447745,471215238,653008106,901020547,1027069477,965475820,1104843643"
375,1083794176,"469053114,431069463,410907015,397616934,485375154,478412055"
376,918162643,"709267336,558086553,709267354,709267318,709267372,469379706,453669711,709267291,525184506,709267273"
377,681899439,"294117807,490082397,322899970,398531634,277387490,226586033,314932879,303481602,188638632,201674878,188482085,179656473,260580451,235566259"
378,681898419,"1112609596,1044655906,910556974,525184506,863899123,558086553,829904638,469379706,709267354,453669711"
379,632989467,"502662504,305428882,332983558,269062517"
380,607121559,502662504
381,338563347,332983558
382,337140036,327003655
383,273598595,288862996
384,273598372,"269062517,284970158"
385,578007294,"482561265,482561259,482561217,482561208,482561181,482561055,482561052,835296427,834754708,824222350,928151677"
386,578001756,"284670921,129740368"
387,577996605,"482553921,482553912,482553906,791071981,791064913,791063983,627140280,821834818,821835436,821836177"
388,948652651,"726943252,730472146,730472122,730472128"
389,828822677,"653220557,653220536"
390,823710701,649038419
391,823395317,645615312
392,808690392,639864336
393,790948176,627740082
394,740416893,"629089356,629095014,629096307,597393396"
395,688325661,"547830129,547842621"
396,652907712,536524767
397,626458095,516809337
398,1355623519,"1169679271,1169679262"
399,1355365069,"1169061061,1160790784,1106673709,1086144739,1094144623,1004383879,1099400830,1088806213,1094795401,1097167600"
400,1349413753,"1162795102,1162794934"
401,1348321555,"1161562483,1161562438,1161562384"
402,1343981776,"1156324936,1156452244"
403,1342008202,"1154090302,1113718267,1154090266,1154090200,1134183379,1154090155,1154090122,1154090080"
404,1340992009,"1152819451,1152819436"
405,1338494491,"1149934765,1149934753"
406,1337444104,"1148709412,1148709397"
407,1302505423,"1107172705,983725465,1107173032,1107173233"
408,1248377002,"1037299315,813633439,317761540,432652590,828419638,922542079,525661254,891188941,899511862,317761568,883226836,927083707,389811018,301972322,324080493,593518014,828890296,789257302,844814815,756359251,275265627,309382324,405279972,892455403,873784741,327271415,847205212,570652248,1020528670,497347761,897921616,488722026,316923695,511434303,646443927,593517825,326931980,143664614,166160602,676345763"
409,1213657006,"963806344,963806122,963806521"
410,1137785779,"881088976,881089351,881088763,881088994,881088805,881089354,881088661"
411,1110732820,"828419638,875845546,875845579,875845657,875845672,875845693,875845744"
412,1097817007,"849655516,752192074,824628592,758346433,857984296"
413,1038365929,"739291897,789257479,778657894,766372048,789256606,789257392,789257302"
414,269194209,"208927504,145769929,199634619,201847061,117325184"
415,233963840,"262442192,263792161"
416,225221421,"145769929,199634619"
417,225219963,"264116639,264117794,264118351,264119351,264121512,264124814"
418,225217817,"173623003,179974805,180449454,181111014"
419,225216374,"30286887,8996496,36163372,58901185,45273765,85373856,91569170,35019976"
420,1291700422,"1075184545,1092436537,1092437962,1092438826,1092439468,1084441813"
421,1270954570,"1013785102,1013785240,1013785357,1013786425,1013786545,1071253225"
422,1246957447,"1053960649,1035357571,1053960616,1053960595,1053964726,1039859311"
423,1243768804,"1030432717,1030433749,1031407996"
424,1239894928,"1025899699,686657404,1025899666,1025899657,1025899648,1025899630,1025899621,1025899603,1025899594,1025899582"
425,932096116,"718233301,609621069,702859150,718221547,718225681,657979076,644639166"
426,737284731,"1158733060,1137508381,1121463184,1104529618,1087841434,1065644722,1048635907,923678932,886522939,805172140,999074404,1020971854,781503346,827613022,718233301,765660940,595503036,750202114,671165048,718225681,685497616,702859150,718221547,657979076,609621069,627345732,616410447,644639166,504948042,519688872,546246879,291350789,484956087,396950292"
427,682090854,556443402
428,666026988,546246879
429,1355623519,"1169679271,1169679262"
430,1355365069,"1169061061,1160790784,1106673709,1086144739,1094144623,1004383879,1099400830,1088806213,1094795401,1097167600"
431,1349413753,"1162795102,1162794934"
432,1348321555,"1161562483,1161562438,1161562384"
433,1343981776,"1156324936,1156452244"
434,1342008202,"1154090302,1113718267,1154090266,1154090200,1134183379,1154090155,1154090122,1154090080"
435,1340992009,"1152819451,1152819436"
436,1338494491,"1149934765,1149934753"
437,1337444104,"1148709412,1148709397"
438,1260244147,"1052744074,1052741884,1052738260,1050342097"
439,982017127,"755621248,755632084,755630866,755629696,755628646,755627308,755626024,755624800,755623729"
440,919060744,"706850749,708798484,707744269,709846834"
441,718361259,"577046973,577415589,577960350,578510268,579560721,579562584,580051302,580483164,580980603,581631006,582221091"
442,562057314,"472040982,472306731,472412994,472515486,472886796,472926444,473278362,473399469,473891691,474194361"
443,431115072,"383983013,384498143,385024385,385542434,386047448,386525003,386974661,387450437,388013285,388481646"
444,314776826,"318430802,318430462,318430108"
445,1333948480,"1144695910,1144698946"
446,1320851905,"1129874728,1129857142,1129862824"
447,1209087544,"982663831,982664176,982664392,982663912,982663999"
448,1150177303,"909390775,910994146,913598638,905814511,916072312"
449,1130295475,"847488109,841867786"
450,1118875825,"1020251686,880976038,996016138,997927537,885171832"
451,1355623519,"1169679271,1169679262"
452,1355365069,"1169061061,1160790784,1106673709,1086144739,1094144623,1004383879,1099400830,1088806213,1094795401,1097167600"
453,1349413753,"1162795102,1162794934"
454,1348321555,"1161562483,1161562438,1161562384"
455,1343981776,"1156324936,1156452244"
456,1342008202,"1154090302,1113718267,1154090266,1154090200,1134183379,1154090155,1154090122,1154090080"
457,1340992009,"1152819451,1152819436"
458,1338494491,"1149934765,1149934753"
459,1337444104,"1148709412,1148709397"
460,1135822990,"900507031,900507016,900506998,900506995,900506989,900506983,900506980,900506974,900506968,900506956"
461,1355623519,"1169679271,1169679262"
462,1355365069,"1169061061,1160790784,1106673709,1086144739,1094144623,1004383879,1099400830,1088806213,1094795401,1097167600"
463,1349413753,"1162795102,1162794934"
464,1348321555,"1161562483,1161562438,1161562384"
465,1343981776,"1156324936,1156452244"
466,1342008202,"1154090302,1113718267,1154090266,1154090200,1134183379,1154090155,1154090122,1154090080"
467,1340992009,"1152819451,1152819436"
468,1338494491,"1149934765,1149934753"
469,1337444104,"1148709412,1148709397"
470,1357239973,"1152485950,1156905856,949389331,1162231846,1170866302"
471,1146843109,"896933695,900962140,906410698,911649604,917005298,927334978,931642825"
472,1102953961,"867411460,868395349,869386522,863426161,869412898,869445853,854467816"
473,1101929104,"219814828,865674895,867345478"
474,1046880394,"127563565,815552122"
475,1046598040,"1152485950,179268074,457836978,865674895,867345478,854467816,88650179,457836867,316805454,297181792,243638967,133060864,176403974,167471744,760345222,867411460,219814828,52301001"
476,1045378807,"88070859,813720490,812341675"
477,1037662762,"297181792,300860403,219814828,801222085,243638967,133060864"
478,992832088,"759416155,760340506,760345222,760349308,761423251,761691238,761425114"
479,983668645,"757021942,754751755,755896348,756699289,757017829,755876887,755577316"
480,1312654294,"68297219,806817664,840241957,628194207,330537920,661061852"
481,1310284999,"22480003,257074369,297242527,297243048,297242513,297242621,245679417,44820595,6767753,6324337,4294859,296223135,11139078,7913530,1383949,50914529,281723839,281723832,582504879,277759999,31707017,2981923,257067711,14784583,266058089,266058532,266058360,6930116,133223786,5648130,646567539,5528080,86582023,76255568,288619058,19679797,5648132,17081044,7887642,13451997,256617154,321256454,838843231,74577599,748086019,7898665,87264491,160257336,321148224,72139376,256193606,19720947,644458725,255813266,253013474,88403794,255813253,680498930,1688271,58839198,1688270,55149736,256109287,993890038,256201858,330322695,993793333,106351074,11845682,48440273,110048866,252581870,252581928,252582067,252582493,252582123,280047411,254563995,256022122,55960114,296702994,255838411,307693890,323540415,599419053,443393139,284371332,424823052,310088488,85519096,51574235,31707014,27703410,827650471,301852647,65373337,120738399,255801777,256057938,295431287,159629639,20272779,118661208,7797939,7887683,60281384,73195133,71807864,41599723,16766073,3285849,557408655,98574245,119880847,294216898,294221047,48725153,255807900,255872519,294217056,294218330,891154393,294224735,294226920,266059099,294218508,294219497,93236607,305795553,169787913,86196107,58206849,1009135030,19257561,160622748,308202872,808234489,58207153,100143867,997037236,92148205,624400221,996991234,997104553,102173766,139114678,709847773,1066483954,891152719,1028518345,255826092,115352070,168964671,1858438,922707952,297242273,32945602,6108407,166946757,255042542,20985079,113999443,242774680,241007895,125742509,809089096,297243681,36481354,255845402,255842883,254483824,59330831,171474718,61139777,163684297,257053360,928016917,256184836,928078639,692235781,692234839,122122546,121816150,162515978,253828088,332486748,263416828,154729257,346108809,266136727,308625051,285301332,54105,286467391,665641649,38354171,280047800,315867343,266056790,265558983,28025600,158261593,5174841,275578505,33189498,92999572,256214483,238135828,254540741,294214223,294215958,78349564,897749044,134452052,718244416,144677034,7823921,219642550,718230391,74488535,138630683,67535751,77234654,199922688,475592115,295850595,190796080,301853952,38155025,294224294,70704570,130311746,99488132,89421693,913951003,38405361,275266009,323526586,1052871511,1001768872,118596911,136104286,55683143,172421952,2470330,87108639,265622339,758286481,15349685,104725715,4322526,1019285710,106673832,188244875,252483416,228352475,151674597,59583128,743633287,255826552,995733583,20270103,250097619,328386762,109493408,256018499,557382531,59588459,45689872,275264224,256243320,285301352,265082511,147355830,680500205,92136908,154073874,5223979,256214460,84886804,284164190,16746534,288618735,86490579,701049148,303286016,768058804,145333571,96344764,585250419,271223858,121286384,130598595,265517793,256109254,166783535,257539693,254590780,265082617,3540845,271083078,256231543,119667234,103064439,265082620,931735723,106405866,585764364,296374295,51717484,646606566,122014301,253549260,39831370,255870303,5553739"
482,1310284819,"277759999,2981923,196013584,11034623,281723839,583128132,20508295,26123182,245678939,625109,50914529,281727999,12948393,2445290,15520329,8306938,1367062,1383949,1383975,2655053,245680224,2009677,2981898,585904065,22990773,4294859,5554128,6595748,6324337,8200501,44820595,297242434,297242527,297242510,297242522,297242876,297243350,297242621,297242700,297243485,297242338,297243219,297243779,523249689"
483,1310284690,"252694573,735158656,253613987,725037988,69086018,78138543,57133105,72507447,252763720,3564791,231712992,253110568,259043726,721641049,454880856,299076872,468007305,214807165,232325588,253478151,993894643,253167770,259062916,252780778,254434683,2998601,252627790,256181115,214807484,259103684,506301234,253597738,235319083,1001629951,290895268,124437640,254433494,336892428,336892548,143916183,254002730,382828667,834440767,258516825,278759612,255889271,253183394,838840165,294210318,709070290,255873765,253809199,254586332,253613397,9838694,253013474,259001646,825243883,254182251,254129246,288350026,299076966,253373206,6956956,254002585,216540071,547041510,264226886,252518396,231713664"
484,1310284219,"229754584,252531665,252697345,10674825,290148162,252645323,255814649,294566451,204973054,255987839,253167636,294566524,298717936,256108281,257079730,254207778,253478270,290148866,253507443,253201351,257078230,255958010,252697245,252889416,253506094,214692612,255965122,253878040,255958005,252949129,256559242,718250050,257083065,257073918,257081710,252644372,259049699,259068937,267476244,253009894,253009321,255789931,275582862,275583700,256559240,252644273,253267418,231713032,252697569,253539100,253851317,253206467,124463881,279901610,252889977,255871319,254356202,252644622,253509910,255814571,253108707,64253889,254237552,254097019,252676275,302133091,253506369,257082464,252772725,253586357,284875480,252644777,252644357,366088019,257072542,252717289,254078513,96022389,194943894,257065313,257080343,257083436,257080987,257071681,447849522,290147531,290147913,290147705,290147623,254207728,290148157,254207787,254207847,254207829,1087371283,1087371265,254098588,254098728,252927543,276559301,259073575,259093629,252582615,252583172,36886008,255787339,231848784,255787283,255787352,253241685,253507459,253241522,253589241,253634319,256015450,313490018,256210406,231887042,256210386,341573208,253267033,252534095,254625191,253097177,254538837,263262962,254097216,253097007,253851166,874882399,275457648,253850882,253509550,256010712,255131663,231848706,253201501,267396418,253511232,252981236,252536699,253612787,286988098,253507528,257082217,253506633,253206633,252485639,253009829,253477000,257078849,257081287,253009419,994036564,253267190,253267410,253267268,253268018,253501725,254077978,254077968,302521123,645802995,282496026,253620418,253484138,256285276,254625160,255957995,253183479,253200487,253200322,547789983,407226564,253009302,254097067,256559268,248527,257083156,302024553,266981149,257076124,286986748,253544915,310048726,91093980,253010407,254083789,253511378,253009648,259121155,74491838,254098659,253503154,253507461,95073159,254097150,254097047,254098624,253507491,253199516,267446165,259136307,257081108,107639868,288366571,253512663,253097032,253009457,253587039,256092012,287778075,253200102,259153472,252697848,259142898,581107908,286986224,253187248,253009674,262765167,666095189,254207717,256108330,256076485,294566456,253201389,253506147,231848767,310315832,254004271,257082507,532126824,256546169,995692936,294566674,294566467,294566586,252760249,252760275,254077926,254237406,257081266,257071165,262766643,159769235,257076139,254417569,253568726,253569015,254097249,253200893,253200337,253633242,267464834,253481613,258624722,258624710,257078762,256248839,253635492,254455344,235620276,257084590,253513857,253514027,257081210,257081850,256210309,253267573,253267393,302018659,995759914,253009499,259034305,256076696,253054979,256248883,257083479,253506445,255766471,256213645,54281522,256213624,1007417374,294566636,995472703,255966721,289212549,738259312,296834267,253510442,253009224,254625058,254625089,787639378,259123361,259049611,256172044,254568894,263270982,837104149,298716073,1008749710,995838304,263577756,255797258,332589937,255834129,257074935,397184658,254538602,253586052,253108657,649639046,159769967,997086580,18075898,294566583,287714890,231848782,252535286,170052920,128207652,134710131,254646386,254603538,270683765,429373161"
485,1310284066,"330322623,209872943,909682717,89073331,255838378,261713895,219074806,257083896,1087350457,143501277,255838586,125742509,254560720,70212660,252433685,265600364,178029253,348348611,262764604,265600211,330322578,4869739,64672897,257071251,223796027,302577881,231884027,562467099,252676474,9436048,46560494,539594652,209935665,255838411,179344241,252713445,833963518,92604680,256617154,294219127,266058855,252677488,774825811,152730209,252713314,294390235,391421982,332148988,265718982,252676327,255800246,988814539,277817047,297079650,70956506,401893407,76255568,261713642,296702233,547858965,539594484,256084717,344990374,328178786,330322536,256079379,335858360,838843231,259032634,298021349,125622402,284045493,294264724,202816362,252892861,9872950,255813253,279901488,301837183,18929854,265069345,39599533,255800216,321725961,982148920,1066439803,252676308,294223586,271216075,279813809,255826092,302577949,252676236,347395413"
486,44059160,"159221740,143667933"
487,327237584,"338922055,338922299,325362904,325360624,325362302"
488,1207660819,"1168136554,1159795930,1155364651,1151527060,1147228795,1143374248,1139433235,1135447846,1127287645,1118863324,1114982857,1110601732,1106481772,1102353415,1089448315,1081289908,1076982076,1072482316,1067706589,1062727519,1058460982,1053698947,1049420260,1045709728,1040986099,1036323850,1031856469,1027025449,1021988050,1017801325,1011954007,1006283365,1000213294,994960417,989964052,985341586,980850508"
489,901100242,"698141635,698141647,698141662,698141665"
490,811971579,"642098418,642098946,642087231"
491,777886254,"619576356,619579029"
492,557118480,"1100497111,924901747,911568469,723126355,698141635,698141647,698141662,698141665,513401061,412602573,327756537,389341770"
493,471190734,412602573
494,283341913,"297843511,297844117,297844480,297844566,297845023,297845180,297845319,298973289,304426188,310182029,315462707,319707491,325501507,330257437,330555541,335642860,340169454,344549975,350588644,366711146,376093763"
495,6466124,"95787989,144536807,133890669,166370090,167508950,169223385,905790112,996531361,1058663266,1068871243,1081628101"
496,2922804,"39777007,39544947,123438602,167508950,308703289,319053653,867370231"
497,1344901213,"1157508298,1157508289,1157508286,1157508280"
498,1327089556,"1100077735,1136867638,1153715821,1169817022"
499,1313946121,"1121704189,1121704150,1121704141"
500,1312498093,"1119773362,1119773305,1119773323,1119773380,1119773353,1119773341,1156768153,1160892430,1165146826"
501,1266359698,"1060419994,1060420021,1060420045,1060420057,1060486975,1060420147,1083747925,1060420192,1060420228"
502,1259873347,"1044406141,1052165209,1052183758"
503,1246356172,"1034605072,1034605981,1034608645,1034610481,1034657395"
504,1205043880,"977565970,977577247,977597776,977624164"
505,1161915253,"928634248,928636912,928640128"
506,1133454019,"898124005,918899830,934661419,950005507,990587818,1015364314,1055518966,1148980294"
507,646843038,"48568559,48568558"
508,3817676,None
509,3656125,None
510,1218000784,"994276744,994276735,994276732,994276720,994276708,994276699,994276684,994276666"
511,362443522,"348383234,348383233,348383226"
512,1106325373,"861621277,861621007,861620659"
513,1101167497,"861621277,861621007,861620659"
514,911640136,705288784
515,911640091,"705288820,705288691,705289078,705288952,705289138,705289261"
516,816307905,None
517,1309956145,"1116764572,1116764560"
518,1095734395,"842169349,1006979323,860868889,859949176,859864564,855050005,851904688,850014880"
519,1273352794,"1069576135,1069563061"
520,1273349002,"1069583161,1069562152,1069545289,1069568587,1069566211,1069567558,1069586950"
521,1172359054,"940240390,940239124,940240132,940240375,940239424,940241713,940245190,940244677,940240966,940239364,940241776"
522,1113722515,"878571559,878570542,878568658,878574322,878574037,878568343"
523,1067582224,"836653456,836653873"
524,983856943,"757110010,757109269"
525,983733268,"757028257,757020514"
526,983452066,"756770530,756760822,756771433,756772513,756762064,756761767,756771055,756772885,756771658,756761914,756762079,756761950,756772360,756771082,756761623"
527,561497,"9743943,9744011,9744056,9744303,34512788,34502619,34395115,34103804,34103496,30345613,25053055,25052762,41446474,46976795,10428958,58706790,63618875,87840058,107749701,110919002,170384653,182591648,184155847,190893557,212081055,226607814,233166008,292444212,312952928,313051490,339391573,356157644,356159897,405230331,446654070,526755258,555799836,555804861,635069895,635275437,634149672,634148454,642469341,666428681,694732714,694730326,1088322640"
528,561491,"9744363,39313908,103707796,182580286,212081055,292444212,356157644,356159897,405230331,446654070,526755258,555799836,555804861,635069895,635275437,634149672,634148454,642469341,642490098,666428681,694732714,694730326"
529,11494972,"52816290,31634804,52815933,52816214,82312239,74906976,52816662,52816584,94199200,66127724,48478086,33927722,8904430,80089413,39751309,74920678,59313172,28342057,52816063,8536103,27017161,58414750,51966821,31032892,113648809,113648806"
530,11377739,"64862952,23753997,79837738,53001318,52901655,16550740,65084831,65084150,53919878,52845472,52599981,65084405,22262842,35001762,55295702,69308295,52373655,46137247,50370851,23708338"
531,10885178,None
532,10884611,"9061725,16979570,7662893"
533,1335434320,"1146403084,1146403075,1146403063,1146403036,1146403027,1146403012,1146403003,1146402982,1146402973,1146402967,1146402958,1146402934,1146402913,1146402892,1146402874"
534,1297167352,"1101063943,1101063907,1101063895,1101063874,1101063835,1101063796,1101063772,1101063742,1101063718,1101063703,950207134,1101063685,1101063652,1101063634,1101063604"
535,1296938659,"1100756119,1100756077,1085234122,1100756020,1100755972,1100755927,1100755858,1100755801,1100755771,1100755723,1100755663,1100755627,1100755585"
536,1296934408,"1100744095,1100744056,1100743990,1100743915,1100743870"
537,1251630565,"1030368406,870963382,982712179,832593724,980165794,870963874,1020407971,950472082,870964276,870963481,993583639,1008927163,956575366,1006565887,985550353,697785244,910183951,918812158,991016143,918227231,479150346,870942346,902282389,838186735,902324407,990756967,902282302,867198088,174735746,979528933,830143774,28708796,988133824,996350005,993520549,865454422,873556630,902282671,988503460,984644911,984664003,941432761,1039444843,723965239,583592379,952933009,971078494,977374666,963908599,974491084,970872034,978958123,983635228,774552256,932671327,982696858,983534416,963833272,988288948,940883614,973075915,973038076,946094665,963909418,323735224,254433787,933321406,705547447,470788161,931375147,950283115,879160546,757497883,519984861,928794745,899588947,519986688,944372566,916323002,957516859,932736580,898082746,845679805,853060483,903136351,919821298,324616393,922696417,867879589,916637167,723814189,777725338,849525451,897174883,905194252,846819571,915962647,853460233,836794648,854612527,858585289,926779702,825068587,305300411,952631209,952630981,961998922,845325916,887288155,867811888,867810115,867843925,825552376,892155106,892361257,899752279,649734440,867280699,750901939,750901534,941420983,849254002,858827161,871356022,730427086,777259366,873168637,829805770,881313820,866852974,863107033,931371910,829810948,268169297,911568469,952631281,952631080,966599671,963890203,961155712,971088466,964716520,945923998,902282839,980200033"
538,251372068,"177629918,61539771,66796470,103950229,190590878,189453378,183538892,122857312,104758198,161226412,161238909,191974108,161227877,161226941,161231218,161238114,161226403,161230975,190590628"
539,184687389,"241561341,241561338,241561336,241561335,241561333,241561332,241561331,241561330,241561328,241561327,241561325,241561324"
540,1048952758,"817201474,342506302,772067122,528282087,547111881,511539183,300648999,197377900,172958759,141480809,131427038,115069657,63335057,63332424,35403284,25166793,164913531,947738794,345846433,249258203,1047216457"
541,931154668,"717580690,234460053,119106896,679084848,37222625,978377788,1042588672"
542,793953603,"324345833,83419256,146749203,296074477,73244157,38890373,12356841,249283445,289283715,554317074,169376090,169433873,314209853,204833695,471977037,286056165,92304620,38892535,9830113,98290344,293385363,58201292,423665799,135880161,151480517,104067757,31921172,83588354,187140009,324743045,485056239,331481,1073825,74418934,300333802,136854451,55489926,45027941,225101935,15539689,261642896,177487081,7527529,73062052,62756002,192591799,385461665,147402352,104844034,202562947,289565426,264240049,1231765,37360864,514682358,296566531,94357635,259583106,122455052,86790992"
543,766879884,"610034133,547111881,483105294,469938321,345846433,665968682,800536864"
544,398157083,"345846433,300648999,278167187,249258203,234460053,194079650,172958759,164913531,146039472,143608546,131427038,63335057,35403284,427969299,483105294,511539183,83588354,539881974,547111881,817201474"
545,288753132,"289798471,234291520,297465735,280479846,249258203,230096781,199163848,172958759,146039472,131427038,115069657,77881339,63335057,63332424,41677659,40074174,30117288,25166793,20471714,9902380,125346210,219872323,314461292,345846433,342506302,338199761,380187071,363793844,345039341,469938321,483105294,500138880,528282087,539881974,568100871,547111881,651155369,691886728,726364639,738347761,892885351,936269107,947738794,794048959,1052352406"
546,254737591,"280479846,245992834,171743321,206563560,137905541,282028059,294073385,327539296,345039341,339269517,365701526,380187071,407845119,480509427,568100871,548264331,622620447,679084848,708861001,712334788,715065085,915581131,978377788,1048051036,1073437297,1141229638"
547,94959587,"125346210,77881339,41677659,40074174,30117288,20471714,172958759,199163848,219872323,230096781,280479846,289798471,297465735,314461292,345846433,380187071,363793844,469938321,500138880,539881974,651155369,738347761,892885351,1052352406"
548,94957196,"150520172,143608546,122977218,86680143,83588354,42238531,40067240,247624500,264465382,116146609,635314593,603705168,791626663,469938321,37378588,1058625337"
549,94765406,"141480809,115069657,63332424,25166793,197377900,342506302,365701526,511539183,528282087,547111881,164913531,817201474,772067122,947738794,249258203,1047216457"
550,1321259119,"109691180,227304582,227304333,114241522,122007856,1048704787,1127885674,1130414881,1049185756,1051617676"
551,1316460961,"1046070403,1076046736,1079727556,1081422463,1070818702,1084090387,1037662465,1086565834,1087189153,1092833086,1101879535,1103491990,1117402687,1120991935,1123887070"
552,1001163925,"767341678,767388325,767389369,767390875,767391307,767406874,767407297,767407597,767408698"
553,522491490,"445786257,445787553,445791363,445791861,445788231,445792851,445792383,445788651,445789425,445786830"
554,391832534,"319404986,319405138,319405250,319405350,319405518,319411132,319411589,319411716"
555,373328735,"347622860,348081125,348174463,348414475,319404835,319411026,319411479"
556,162284108,"203137246,203137186,520359333,204837183"
557,59786963,"177303367,177303710,174617401,177304159,177304389,177305767,177306053,177306249,177307011,177307206,177307417"
558,58777871,"81332737,81333202,81333591,81333927"
559,1249903504,"1025626462,1039511185,1039511974,1039510180,1039509043,1039509538,1039507453,1039507993,1039506913"
560,1232431465,"1016498344,1016499412,1016492455,1016501659,1016500765,1016499496,1016502781,1016502193,1016503342"
561,1228707733,"1010892919,1010892298,1010891803,1010891335,1010890819,1010889802,1010890318,1010889013,1010888479,1010888002,1010887489,1010886955,1010886187,1010885689,1010885035"
562,1085254861,"455437533,152497683,68840530,643238643,218152200,663286658,232853810,673096601,232853765,673096580,347781563,115422701,232853795,669019661,115641946,597684081,139634404,385844477,161709603,132869285"
563,1083756031,"842700829,605215986,384100880,67436549"
564,1083753397,"666526403,673097045,597684081,539851122,305458903,287437630,277677631,274445990,208570051,181004724,176814347,67436549,63648657,14992793"
565,1083753088,"799567912,666526403,593193261,539851122,486071433,330891569,312568963,114440193,153739997"
566,1083752842,"718580404,686767870,232644846,140902683,115507512,69734727,68992678,64042917,63648657,59857242,59622944,35899541,15048106,14318292,12902700,12688908,7169753,7095065,7061526"
567,1083752644,"816007699,666526403"
568,857910566,"673096580,455437533,669019661,673096601,663286658,347781563,673096646,643238643,385844477,673096694,673096784,673096871,673097045,673097111,673097174"
569,1167595,"24676253,24030949,23648174,22543839,21618411,21046572,20479085,14628288"
570,513957,"8977060,8977061"
571,506544,"8807366,8807367,8807368,8807369,8807370,8807372"
572,750639366,"604208286,604208280,604208211,604207932,604207926,604207275,604207272,604207269"
573,750624888,"604199373,604199358,604199337,604199334"
574,150304363,"226351103,226351101,226351097,226351089"
575,48715125,"161734740,161735697,161736843,161737671,161738344,161739191,161740451,165233364"
576,1290041,"27765391,27765393,27765394,27765395"
577,1293487276,"1074363967,983195686,763593229,683835440,466697550"
578,1202861293,"1152397582,1142385352,1140694315,1099952860,1097010280,1076280301,1028342260,915966238,750385492,699419032,612585186,568956387,497078298,347638504,302500578,291111266,271077563,248433203"
579,1202861041,"1126170571,1048537438,988794949,979631815,975075034,971066152,799060381,706781014,637433844,507807816,444828519,444828492,444828453,512180265,362226473,323760914,311526546,285562211,282114227"
580,1355623519,"1169679271,1169679262"
581,1355365069,"1169061061,1160790784,1106673709,1086144739,1094144623,1004383879,1099400830,1088806213,1094795401,1097167600"
582,1349413753,"1162795102,1162794934"
583,1348321555,"1161562483,1161562438,1161562384"
584,1343981776,"1156324936,1156452244"
585,1342008202,"1154090302,1113718267,1154090266,1154090200,1134183379,1154090155,1154090122,1154090080"
586,1340992009,"1152819451,1152819436"
587,1338494491,"1149934765,1149934753"
588,1337444104,"1148709412,1148709397"
589,489185790,424153185
590,463407234,"408444639,408446064,408446451,408446916,408447900,408448116,408886479,408886956,408887223,408887538,408887682,408887889,408888129,408888297,408889053,135582320,281791564,94080878,135582209,301990484,138193758,333355277,301472296,306170850,72062268,157406915,265506469,341543086,203061742,342932374,316152107,87046661,87045512,87047163,87047094,87050192,87048455,87047616,87045709,87047816,87048435,87047737,281925971,286152008,275933100,176151008,240474012,240474962,309357498"
591,371374754,"353709866,353709860,353709857,353709854,353709848,353709842,353709839,353709836,353709830,353709818,353709815,353709809"
592,303298192,"180128171,163176008,88454417,199638237,199650180,260535817,294744235,266443692,235208228,299719151,218362525,82477671,118437458,300896569,186632253,240802021,219327690,25438725,187394845,202459752"
593,302447522,"279416328,206292746,129746870,44642018,284440825,220181418,252248734,138269351,293973032,180128171,235666776,163176008,88454417,91390133,218994701,148889930,66977403,199638237,199650180,205624545,184924078,137581744,196747797,122654042,175967388,182511880,105159443,82214871,187464472,187467081,121228115,197028819,239450239,201582404,211783989,186233686,155917039,230870014,194534407,197039457,218133700,171840614,169090933,89862826,121163106,77100875,190023078,106974447,128416324,149890049,218250105,199912643,52622997,205702645,71861387,72635645,99845461,141504419,150084720,102205091,106974052,111074117,193511844,147452807,217007613,238609516,180426585,99807611,151239561,180703063,164234291,205729013,136774143,132700081,104633048,104064957,76529069,164354366,180465727,77780408,156403557,169086658,149915697,193774097,208124098,167693155,246907522,108466272,198523698,246876454,226848192,236277459,179654937,214869094,126980114,151324437,226661780,131155333,217396505,195193190,157514004,198333623,226030916,120091488,202077720,198154617,190023091,76912292,170716412,197108068,170717412,176197784,211810709,205832247,170654127,103923418,231535580,201487248,150018200,218048372,190801651,198976549,213984617,148741050,165608052,111075896,214899877,213834772,196226653,218457332,218457821,246917560,246904131,187529436,190023077,198945049,136082564,173248623,144220364,151239554,56821925,151239555,105568303,219193184,216856348,255078246,214306371,198865223,242206347,164111416,191211406,255021974,237893128,242320496,160133055,218132506,82440336,101441070,80050025,238590017,187813507,124367717,95447401,16752687,78713643,129087188,220401100,186106569,250016665,247468753,245397068,164126700,164121732,258163684,231868897,232114242,282856241,260535817,279233848,210270886,205829907,205831324,205829425,206514735,277545827,205824193,89875283,235048447,188485247,188486761,191505853,191705189,192889967,193273726,194224781,194349721,195092576,179072410,211355354,146490075,116320478,162499836,237941008,261632685,76824986,220161812,82213699,183920574,203665866,221569740,81084769,261093610,172880608,232207385,197884479,179942718,204794183,201490802,201582147,201490843,136028004,225038568,204849090,205834569,57344869,149927781,4870110,246567829,102287259,239278588,286169266,152884403,152884411,152884412,152884402,152883023,152884410,268321071,268321015,268321043,231338481,305978131,220155354,268252375,173388149,215138838,268973652,316880175,113945337,128702025,320155858,320306601,173388150,173388146,135120926,119070904,19694379,19799962,56892719,323371878,323372584,323372851,323373501,323374426,323374771,323375111,323375540,323376048,221081591,91168988,3468295,272775285,19695294,73200685,175582305,234961984,234730013,234962003,234730005,234961948,234961968,234729993,234961974,234729989,234961938,234961958,234961992,234730011,234961944,201792344,67434479,67434899,154042675,67434484,67434480,67434482,67434488,193553848,67434898,12841530,254599413,72062268,26539367,201773539,154089327,215485592,67604372,303943181,17150424,204971146,17149983,38005648,29279240,37615374,232327647,42880092,42880103,111455804,165204531,94546771,170300422,46501194,253730765,204573673,278837416"
594,290185583,"69736913,49107442,212416657,134808906,153499899,241081703,38480014,156403557,78576789,281791564,94080878,135582209,301990484,138193758,333355277,301472296,306170850,72062268,157406915,310192768,265506469,341543086,316152107,342932374,203061742"
595,1249903504,"1025626462,1039511185,1039511974,1039510180,1039509043,1039509538,1039507453,1039507993,1039506913"
596,1232431465,"1016498344,1016499412,1016492455,1016501659,1016500765,1016499496,1016502781,1016502193,1016503342"
597,1228707733,"1010892919,1010892298,1010891803,1010891335,1010890819,1010889802,1010890318,1010889013,1010888479,1010888002,1010887489,1010886955,1010886187,1010885689,1010885035"
598,1085254861,"455437533,152497683,68840530,643238643,218152200,663286658,232853810,673096601,232853765,673096580,347781563,115422701,232853795,669019661,115641946,597684081,139634404,385844477,161709603,132869285"
599,1083756031,"842700829,605215986,384100880,67436549"
600,1083753397,"666526403,673097045,597684081,539851122,305458903,287437630,277677631,274445990,208570051,181004724,176814347,67436549,63648657,14992793"
601,1083753088,"799567912,666526403,593193261,539851122,486071433,330891569,312568963,114440193,153739997"
602,1083752842,"718580404,686767870,232644846,140902683,115507512,69734727,68992678,64042917,63648657,59857242,59622944,35899541,15048106,14318292,12902700,12688908,7169753,7095065,7061526"
603,1083752644,"816007699,666526403"
604,857910566,"673096580,455437533,669019661,673096601,663286658,347781563,673096646,643238643,385844477,673096694,673096784,673096871,673097045,673097111,673097174"
605,1513479,"20908982,17599601,17596320,17595764,17595011,17594633,17593553,17591450,14708443,14613736,10673488"
606,1371731,"14706643,19106147,19307828,19382148,29558269"
607,6185579,None
